asin,title,price_value,rating,helpfulVoteCount,sentiment_score,liked
B00021NY28,Gloria Vanderbilt Women's Amanda Classic High Rise Tapered Jean,16.7665,4.4,67,0.2690618914815343,1
B0006U6C0Q,Wrangler Men's Cowboy Cut Slim Fit Jeans,29.9843,4.5,294,0.30623278358546213,1
B0007CKJSY,Wrangler Men's 13MWZ Cowboy Cut Original Fit Jeans,18.9464,4.9,128,0.16982853765488934,1
B0008EOG9E,Lee Men's Regular Fit Straight Leg Jean,34.905,4.8,2,0.2705108710733711,1
B0008EOGAS,Lee Men's Regular Fit Straight Leg Jean,31.98,4.6,5,0.26461978765312094,1
B000J9YQOS,"Champion Men's Shorts, Men's Mesh Gym Shorts, Lightweight Athletic Shorts (Reg. Or Big & Tall)",14.2952,4.6,19,0.3725770741604075,1
B000SKI752,Hanes Men's 6-12 6-Pack Cushion Crew Socks,12.0,5.0,0,0.468452380952381,1
B000U62IYK,"Russell Athletic Men's Dri Power Fleece Open Bottom Sweatpants with Pockets, Relaxed Fit, Moisture Wicking",20.99,4.1,134,0.24879493432078328,1
B000W93PX8,Rockport Men's Eureka Walking Shoe,69.953,4.5,538,0.1511576970022867,1
B0018OMIOI,Levi's Men's 550 Relaxed Fit Jeans (Also Available in Big & Tall),43.7937,4.5,23,0.24688667534219483,1
B0018ON68A,Levi's Men's 501 Original Fit Jeans (Also Available in Big & Tall),55.653,4.6,329,0.2734498658530763,1
B001NSEC9I,Haggar Men’s Hidden Expandable Waistband Classic Fit Pleated Front Gabardine Dress Pant,65.0,4.5,5,0.3132169312502645,1
B001NZCXNI,Merrell Men's Jungle Leather Slip-On Shoe,62.07379999999999,4.9,19,0.3058443855787606,1
B002GHC19I,Carhartt Men's Loose Fit Heavyweight Short-Sleeve Pocket T-Shirt,19.99,4.909090909090909,30,0.33976799000479124,1
B005LCMU00,"U.S. Polo Assn. Men's Classic Polo Shirt, Two-Button Closure Pique Polo Shirt, Summer Fashion Golf Shirt",19.989,4.5,2,0.3084325798470535,1
B005OLALQI,PUMA Men's Roma Sneaker,46.9933,4.4,22,0.20843256362374007,1
B0076R6L58,Columbia Steens Mountain™ Full Zip 2.0,45.95,4.9,6,0.5387830687830688,1
B008KWXQ38,LONDON FOG Men's Auburn Zip-Front Golf Jacket (Regular & Big-Tall Sizes),44.6026,5.0,0,0.3615884115884115,1
B00ACIGNMY,"Hanes Men's Tagless Briefs, Soft Moisture Wicking Underwear, Tagless, 7-pack",24.0043,4.7,12,0.22497690274008955,1
B00B6EDB64,Dickies Men's Heavyweight Crew Neck Short Sleeve Tee,16.99,4.666666666666667,298,0.17185867626982707,1
B00BBW2XZG,Dockers Men's Perfect Classic Fit Shorts (Regular and Big & Tall),23.641599999999997,4.818181818181818,47,0.41143579904943534,1
B00CAXQYMS,"Hanes Men's Underwear Boxer Briefs Pack, Cotton ComfortSoft Boxer Brief for Men, Moisture-Wicking Breathable, Multipack",18.0,4.9,6,0.34651839826839825,1
B00CAXS2Q4,"Hanes Men's Boxers, Cotton Knit Comfortable Boxer Underwear, Moisture-wicking Cotton Boxers, 5-pack",20.0,4.9,14,0.4236825396825397,1
B00D881IBG,Skechers Men's Afterburn Memory Fit Lace-up Sneaker,60.8424,4.7,216,0.28338833669666996,1
B00EUHD56A,Legendary Whitetails Journeyman Shirt Jacket Flannel Lined Shacket for Men Water-Resistant Coat Rugged Fall Clothing,86.46,4.6,854,0.23440803823942957,1
B00G99WZJU,"Hanes Men's Tagless Boxer Underwear, Exposed Waistband, Multi-packs Available",22.99,4.9,2,0.35516296296296296,1
B00GZIT5A2,U.S. Polo Assn. Men's Crew Neck Pocket T-Shirt (Color Group 2 of 2),12.0054,5.0,0,0.8,1
B00H383N8I,"Jerzees Men's Dri-Power Cotton Blend Long Sleeve Tees, Moisture Wicking, Odor Protection, UPF 30+, Sizes S-3x",10.74,4.5,41,0.21583944135574568,1
B00IO9H6QU,Hanes Men's Double Tough Ankle Socks,11.8321,4.7,3,0.26750220456825397,1
B00IO9JCY4,Hanes Men's FreshIQ Over The Calf Tube Socks (Pack of 12),14.98,4.8,2,0.44707070707070706,1
B00JUM2V8I,Hanes Men's EcoSmart Fleece Hoodie Sweatshirt,12.4643,5.0,0,0.22117870225013078,1
B00JUM4CT4,Hanes Men's EcoSmart Fleece Full-Zip Hoodie Sweatshirt,13.354400000000002,2.9,105,0.1261773504273504,1
B00MGBBMTY,Levi's Men's 541 Athletic Fit Jeans (Also Available in Big & Tall),43.2638,4.9,77,0.25610159240331065,1
B00MU2OR3W,Skechers Men's Expected Avillo Relaxed-Fit Slip-On Loafer,42.1435,4.8,43,0.28856861854250243,1
B00NOY3JKW,"Hanes Men's Beefy-T T-Shirt, Heavyweight Cotton Tee, 1 Or 2 Pack, Big & Tall",8.1932,4.5,80,0.22093000497616413,1
B00PUAO7MM,"U.S. Polo Assn. Men's Solid Short Sleeve Interlock Polo Shirt, Golf Shirts for Men, Business Casual Polos",17.5,4.6,0,0.4681666666666667,1
B00PWP0JFO,"Hanes Men's Boxer Briefs, Soft and Breathable Cotton Underwear with ComfortFlex Waistband, Multipack",17.5,4.7,19,0.3703452881152461,1
B00QNAL9U6,Lee Men's Extreme Motion Flat Front Regular Straight Pant,36.9012,4.454545454545454,17,0.24788563055505672,1
B00SMJOETO,Clarks Men's Tilden Cap Oxford,58.2035,4.6,48,0.3058776436063936,1
B00UV3TGUG,Levi's Men's 559 Relaxed Straight Jeans (Also Available in Big & Tall),46.9932,2.9,70,0.1841249950446379,1
B00VTV5XU6,"Fruit of the Loom Men's Cotton Briefs, Tag Free & Moisture Wicking, Assorted Color Multipacks",11.2036,4.8,6,0.35639893836322406,1
B00XKYM2AE,Wrangler Authentics Men's Premium Twill Cargo Short,27.87,4.7272727272727275,44,0.2980675672039945,1
B00XPFFXKO,Hanes Boys' Eco Smart Pullover Hoodie,14.003,4.6,10,0.3212534972322262,1
B00XPFM1RC,"Hanes Boys EcoSmart Fleece Sweatpants, Midweight Cotton/Poly Fleece Pants for Boys, Cuffed Sweats",12.0025,4.6,21,0.38267619044285717,1
B00YKRP324,Dockers Men's Relaxed Fit Comfort Khaki Pants - Pleated,49.99,4.5,0,0.30045238095238097,1
B010C7M9Z4,"Hanes Men's Cool Dri Polo Shirt, Quick-Drying Performance Polo For Men, 40+ Upf Protection",16.4625,4.7,76,0.29966153256321104,1
B0132MFEA8,Hanes Men's Short Sleeve X-Temp Performance Polo,12.5434,4.7,18,0.3238436948853615,1
B0151E6WTW,"Hanes Men's Athletic Shorts, Favorite Cotton Jersey Shorts, Pull-On Knit Shorts with Pockets, Knit Gym Shorts, 7.5"" Inseam",9.9038,4.454545454545454,2,0.30258979908979905,1
B016Y8268U,Lee Men's Extreme Motion Flat Front Short,34.99,4.75,14,0.24725041492898633,1
B01AK7Z1ZG,"Champion Men's Sport Shorts, Moisture Wicking, Athletic Shorts, Gym Shorts (Reg. Or Big & Tall)",18.7425,4.7,32,0.28952789007682905,1
B01AZ4DAJ8,U.S. Polo Assn. Men’s Undershirt – 4 Pack Crew Neck Short Sleeve T-Shirt,26.951,3.9,2,0.21291666669999998,1
B01AZ4DAKM,U.S. Polo Assn. Men's Undershirts - 4 Pack V Neck Undershirts for Men (S-XL),29.95,4.3,8,0.35953174603174604,1
B01BDZMIK0,Polo Ralph Lauren Men's Classic Fit Jersey Short Sleeve Tee,55.0,5.0,0,0.5,1
B01BDZMRR4,Polo Ralph Lauren Men's Jersey Short Sleeve Tee,42.0,3.8,3,0.26271428574285716,1
B01BFJM9BW,French Toast Boys' Short Sleeve Crewneck Tee,7.506,4.8,5,0.4463690476190476,1
B01BUGS7DO,Carhartt Men's Rain Defender Relaxed Fit Heavyweight Softshell Jacket,119.98999999999998,4.9,2,0.3326577380952381,1
B01C7KBKJU,Men's Cotton Welcro Pocket Dhoti 32 White,0.0,3.8,2,0.42667361111111113,1
B01DOLE1QA,"Hanes Essentials Sweatpants, Men’s Cotton Jersey Pants with Pockets, 33”",11.3343,4.5,42,0.21624358044733044,1
B01DTY5PGW,Lee Women's Plus Size Relaxed Fit Straight Leg Jean,28.003499999999995,4.5,22,0.30653220826792255,1
B01EMMB4LK,The Children's Place Boys' Uniform Short Sleeve Pique Polo,6.9946,4.9,20,0.35920668088525226,1
B01EX7UGI6,Exotic India Afterglow Dhoti and Angavastram Set from Kashi with Wov - Off-White,0.0,5.0,0,0.55,1
B01FKZRV4M,The Children's Place Boys' Bottoms Cargo Shorts,11.9729,4.8,3,0.348041255041255,1
B01G3LZ0IG,PUMA Mens Tazon 6 Cross Trainer,35.005,4.7,4,0.44278968253968254,1
B01GH5JOJY,Under Armour Men's Tech Golf Polo,23.6941,4.9,25,0.3525718937758254,1
B01GQBWBYO,Wrangler Men's Retro Slim Fit Straight Leg Jeans,39.0043,5.0,0,0.16716666666666666,1
B01H7ENCLA,Levi Strauss Signature Gold Men's Carpenter Jeans,23.9814,4.6,0,0.3960416666666666,1
B01H7HOS6U,"Champion Men's Joggers, Powerblend, Fleece Joggers, Comfortable Sweatpants for Men (Reg. or Big & Tall)",29.953300000000002,4.9,18,0.2746377465460798,1
B01IA6CJ36,Skechers Men's Cankton Steel Toe Construction Shoe,69.9918,4.6,108,0.2178693327296856,1
B01IR7TZWG,Levi's Men's 505 Regular Fit Jeans (Also Available in Big & Tall),47.1732,4.9,40,0.33668697227302447,1
B01ISMKS7G,Levi's Men's 569 Loose Straight Fit Jeans,59.9914,4.9,13,0.3524640689997833,1
B01JQTOOMA,Amazon Essentials Men's Classic-Fit Wrinkle-Resistant Flat-Front Chino Pant (Available in Big & Tall),29.5,4.4,44,0.20329091158704257,1
B01JQTRMEC,Amazon Essentials Men's Classic-Fit Cargo Short (Available in Big & Tall),13.2517,4.6,42,0.28478783538398916,1
B01JZ0XPDE,Hoerev Men Casual Beach Trousers Linen Summer Pants,28.99,4.3,41,0.16778873106030842,1
B01L0B0B24,Tommy Hilfiger Men's Down Alternative Hooded Puffer Jacket (Standard and Big & Tall),84.0,4.75,4,0.32874579124579123,1
B01L8JJ5KC,"Hanes Men's EcoSmart Fleece, Pullover Crewneck Sweatshirt, 1 or 2 Pack",11.9933,4.5,35,0.15344126937876937,1
B01L9H7IS4,"Hanes Sport Xtemp Workout Pockets, Men's Training Pants",15.904500000000002,4.3,77,0.22910487772608984,1
B01LXS51OS,LONDON FOG Men's Wool Blend Car Coat with Bib,119.97,4.7,0,0.42690901360544214,1
B01M0DR0HO,"Gildan Adult Fleece Open Bottom Sweatpants with Pockets, Style G18300",10.9915,4.5,21,0.2317310555801268,1
B01M2CO9DQ,"Simple Joys by Carter's Baby Girls' Long-Sleeve Bodysuit, Pack of 5",15.2215,4.9,3,0.4065000000222222,1
B01M2ZRGN4,Under Armour Men's Sportstyle Tricot Joggers,52.741200000000006,4.9,32,0.36716409747659745,1
B01M3U4MS1,YuanLu Boys Suit for Kids Tuxedo Wedding Ring Bearer Outfit Boy Formal Suits 5 Piece Slim Fit Dresswear Suit Set,47.99,5.0,0,0.67,1
B01M5JGO6D,Simple Joys by Carter's unisex-baby 6-piece Bodysuits (Short and Long Sleeve) and Pants Set,23.305,4.9,4,0.4063194444444444,1
B01MDOUGX4,Lacoste Men's Short Sleeve Crew Neck Pima Cotton Jersey T-Shirt,29.994999999999997,4.3,9,0.1313115442980522,1
B01MRVU8WD,Clarks Women's Emslie Lulin Dress Pump,63.10260000000001,4.5,64,0.34632440476190474,1
B01MSM0SU4,Simple Joys by Carter's baby-girls 6-piece Bodysuits (Short and Long Sleeve) and Pants Set,24.5,4.8,2,0.3201751926721957,1
B01MSUQY5T,Haggar Men's Cool 18 Pro Classic Fit Pleat Front Hidden Expandable Waist Pant (Regular and Big & Tall Sizes),38.0046,4.9,0,0.44404761904761897,1
B01MYQDZU2,Wrangler Men's Retro Relaxed Fit Bootcut Jeans,51.6724,4.3,4,0.28207886905714286,1
B01MZFNQNC,Haggar Men's Premium No Iron Khaki Classic Fit Expandable Waist Flat Front Pant (Regular and Big & Tall Sizes),38.0046,4.666666666666667,6,0.26815581804891014,1
B01N28YIF8,Haggar Men's Casual Classic Fit Denim Trouser Pant-Regular and Big & Tall Sizes,42.5039,4.9,4,0.3286627976190476,1
B01N58LDY4,FREDD MARSHALL Men's Skinny Slim Fit Stretch Straight Leg Fashion Jeans Pants,23.994,3.5,9,0.2647261002886003,1
B01N7VGA1T,Dockers Men's Classic Fit Easy Khaki Pants (Regular and Big & Tall),39.99,4.6,8,0.44786111111111115,1
B01NA0C8IO,Dockers Men's Classic Fit Easy Khaki Pants - Pleated (Standard and Big & Tall),39.99,4.7,0,0.3179343828440467,1
B06VZ3RCYS,"Hanes Men’s X-Temp Short Sleeve Polo Shirt, Midweight Men's Shirt",11.0042,4.6,3,0.279880291005291,1
B06XD4BK82,"Hanes, EcoSmart Fleece Sweats for Men, Open Bottom Sweatpants, 30.5""",9.9845,4.5,122,0.19581421356421352,1
B071GB2K21,Skechers Women's Go Walk Joy Sneaker,35.003,3.7,342,0.18904047615714287,1
B071H3C5HP,Levi's Men's 511 Slim Fit Jeans (Also Available in Big & Tall),59.989999999999995,4.7,84,0.267303950310239,1
B071HWBZX1,"Little Me Baby Boys' Assorted, Multi, 0-12/12-24 Month",12.295,4.9,0,0.37107142857142855,1
B071WY2Q29,"Amazon Essentials Men's Crew Neck T-Shirts, Pack of 6, Versatile Basics,",24.4,4.6,177,0.23776515585475072,1
B0728KK8VK,"Amazon Essentials Men's Performance Tech Loose-Fit Shorts (Available in Big & Tall), Pack of 2",19.0,4.5,53,0.42541060103131045,1
B072FBNZHL,Skechers Men's Go Walk Max Slip-On Shoes,49.2924,4.5,19,0.2298797892244116,1
B072JLTLQT,Simple Joys by Carter's baby-girls 3-pack Snap-up Rompers,18.8412,5.0,0,0.2254464285714286,1
B072QRN7HR,"Hanes Men's EcoSmart Fleece, Pullover Crewneck Sweatshirt, 1 or 2 Pack",11.3037,4.7,208,0.2532052729988654,1
B073372KDR,Levi Strauss Signature Gold Men's Regular Fit Flex Jeans (Available in Big & Tall),27.99,4.818181818181818,12,0.4131915096915097,1
B073QX15SG,Ariat Men's M2 Boot Cut Jean,59.95,4.7,18,0.3121924603174603,1
B073R217LC,"Champion Men's Joggers, Lightweight Lounge Pants, Jersey Graphic Pants for Men, 31""",18.8146,4.6,24,0.314486074771789,1
B073SLX239,Amazon Essentials Men's Classic-Fit Wrinkle-Resistant Pleated Chino Pant (Available in Big & Tall),25.4211,4.5,21,0.3571975709475709,1
B073T4FJS1,Bruno Marc Men's Slip on Dress Loafers Formal Shoes,39.9917,4.6,17,0.36120238095238094,1
B073V3JSSB,Levi Strauss Signature Gold Men's Bootcut Fit Jeans,27.99,4.75,13,0.32361044029894837,1
B073V3LPFL,Levi Strauss Signature Gold Men's Relaxed Fit Flex Jeans (Available in Big & Tall),27.99,4.9,30,0.39626956722122975,1
B073WMFKPZ,Simple Joys by Carter's Baby Girls' 3-Pack Cotton Sleeper Gown,16.5,4.8,26,0.3711515151515152,1
B0743MHBYZ,Ultra Dry Thermal Underwear For Kids Long Johns Fleece Lined Leggings And Shirt Boy And Girl Unisex Underwear Base Layer,21.9,4.7,3,0.305231351981352,1
B0744PN2MV,Simple Joys by Carter's Baby 3-Pack Neutral Cotton Sleeper Gown,16.5,4.8,14,0.4368794823008533,1
B074KL2SHP,Wrangler Authentics Men's Regular Fit Comfort Flex Waist Jean,29.99,4.928571428571429,73,0.32976984917959135,1
B074KL8RVS,Wrangler Men's Regular Fit Comfort Flex Waist Jean,30.0,4.7368421052631575,12,0.4484759246601352,1
B074P49GC8,Hudson Baby Unisex Baby Plush Animal Face Bathrobe,10.99,4.888888888888889,0,0.2628284832451499,1
B074XY7MTG,"Hanes Men's Moisture-Wicking Crewneck Performance Undershirt, 5-Pack",24.5,2.9,58,0.14610626860128123,1
B075M97YPB,chouyatou Men's Classic Notched Collar Double Breasted Wool Blend Pea Coat,58.9841,4.1,45,0.23696524516315787,1
B075MXZ12G,Wrangler Authentics Men's Performance Comfort Flex Cargo Short,28.3,4.9,2,0.32908366316223453,1
B076TG95HL,Skechers Women's Summits Sneaker,40.0118,4.5,27,0.3007397637085137,1
B0775MHKD6,Amazon Essentials Men's Regular-Fit Long-Sleeve Casual Poplin Shirt,18.7821,4.5,73,0.30349901499466714,1
B0777YX2L3,Skechers Men's Nampa groton,34.9938,4.6,36,0.18525740191032591,1
B077PHG1MV,Dockers Men's Classic Fit Signature Lux Cotton Pleated Stretch Pants (Regular and Big & Tall),49.99,4.7,4,0.44164112903225805,1
B077SVB38N,5Mayi Mens Underwear Boxer Briefs Cotton Men's Boxer Briefs Underwear Men Pack,26.991300000000003,4.4,126,0.2317039944182801,1
B077XM54L9,Under Armour Men's Sportstyle Left Chest Short Sleeve T-Shirt,16.9932,4.6,2,0.3870912698746031,1
B077XQ3L5L,Under Armour Men's Tech 2.0 Long-Sleeve T-Shirt,30.0,4.7,0,0.3165486111111111,1
B077ZG222Z,"Gildan Mens Underwear Boxer Briefs, Multipack",16.99,4.75,9,0.38565592903828194,1
B077ZH6ZRD,"Gildan Men's A-Shirt Tanks, Multipack, Style G1104",15.2715,4.6,7,0.23371775536735856,1
B077ZJC1N9,"Gildan Men's V-Neck T-Shirts, Multipack, Style G1103",15.122400000000003,4.8,19,0.3097554124213788,1
B077ZJXCTS,"Gildan Men's Crew T-Shirts, Multipack, Style G1100",19.97,4.5,2,0.21870535714285716,1
B07815BYTV,Under Armour Men's Tech 2.0 V-Neck Short-Sleeve T-Shirt,16.9332,4.5,0,0.34381764069264065,1
B07848QFW3,Dockers Men's Classic Fit Signature Khaki Lux Cotton Stretch Pants,39.992,4.7272727272727275,3,0.20417568545598844,1
B07849QXR8,Dockers Men's Straight Fit Signature Lux Cotton Stretch Khaki Pant,41.3917,4.6,64,0.40239332817254897,1
B0785VV446,Under Armour Men's Tech 2.0 Short-Sleeve T-Shirt,16.5334,4.6,2,0.33271117216117213,1
B078HZRH3L,Cole Haan Mens 2.Zerogrand Laser Wingtip Oxford,139.9912,4.9,7,0.4058424908424908,1
B078LC7GCX,"Champion Men's T-Shirt, Classic Graphic T-Shirt, Soft and Comfortable T-Shirts for Men, Script Logo (Reg. or Big & Tall)",9.0064,4.909090909090909,18,0.40858438594234053,1
B078LZL68J,Wrangler Authentics Men's Classic 5-Pocket Regular Fit Flex Jean,31.77,3.9,67,0.16861167077000405,1
B0792XJHZL,TACVASEN Men's Special Ops Military Tactical Rain Jackets Winter Warm Fleece Softshell Hooded Raincoat Snowboard,53.9831,4.5,42,0.23139803338483458,1
B079GXK2KS,Converse Chuck Taylor All Star Lift Women's Lace Up Canvas Sneaker,69.957,4.9,9,0.355694715007215,1
B07B41HCNS,New Balance Men's 608 V5 Casual Comfort Cross Trainer,64.9813,4.7,17,0.2382940713495259,1
B07B422G13,New Balance Women's 608 V5 Cross Trainer,60.14200000000001,4.7,157,0.21451390309426022,1
B07B6KT78H,Lee Women's Ultra Lux Comfort with Flex Motion Bootcut Jean,27.7025,4.666666666666667,170,0.2154500869054009,1
B07B8HYGXW,adidas Boys' Iconic Tricot Athletic Pants,24.0033,5.0,4,0.5128571428571428,1
B07BHKQ8SM,Lee Men's Extreme Motion Athletic Taper Jean,39.905,5.0,0,0.105731922398589,1
B07BJKT4ZB,Amazon Essentials Men's Slim-Fit Casual Stretch Chino Pant,28.5,4.6,12,0.237994825708061,1
B07BJKWX4Y,Amazon Essentials Slim Fit Jeans For Men,19.293,4.090909090909091,67,0.3143677097408732,1
B07BJLDWXJ,Amazon Essentials Men's Skinny-Fit Stretch Jean,28.5,4.5,9,0.23363079975579973,1
B07BJT1V5K,Amazon Essentials Mens Straight-Fit Casual Stretch Chino Pants,23.7,4.4,2,0.3841959776460317,1
B07BN24BLX,Nautica Men's Short Sleeve Solid Stretch Cotton Pique Polo Shirt,28.01,4.818181818181818,5,0.44169066728725814,1
B07BN52FT6,Nautica Men's Short Sleeve Solid Stretch Cotton Pique Polo Shirt,27.3,5.0,0,0.4265306122448979,1
B07BN72SZ5,Amazon Essentials Men's Lightweight Water-Resistant Packable Hooded Puffer Jacket,28.9332,4.7,104,0.2162579049961292,1
B07BPPGDWH,Nike Dri-FIT Icon,33.24,5.0,4,0.3245833333333333,1
B07C8C786Y,INNERSY Men's Boxer Briefs Cotton Stretchy Underwear 7 Pack for a Week,35.99,4.9,0,0.350758917008917,1
B07CL5HT3S,Simple Joys by Carter's Baby Hooded Sweater Jacket with Sherpa Lining,18.0,4.9,24,0.30056349206349203,1
B07DBS6VLL,Hanes Men's X-Temp 12-Pack Active Cool Crew Socks,26.8225,4.6,5,0.30610515873015876,1
B07DPCDSWS,Reebok Unisex Adult Club C 85 Vintage,69.9922,4.8,8,0.3213950216450216,1
B07DRMT92L,Real Essentials 5 Pack: Men’s Short Sleeve Dry Fit Active Crew Neck T Shirt - Athletic Running Gym Workout Tee Tops,34.99,4.3076923076923075,74,0.2220638764023881,1
B07DRN7QQD,Real Essentials 5 Pack: Men’s Short Sleeve Dry Fit Active Crew Neck T Shirt - Athletic Running Gym Workout Tee Tops,34.99,4.0,0,0.084090909090909,1
B07FBKFTJG,Skechers Men's Cessnock Food Service Shoe,55.25350000000001,4.5,58,0.23860970786567495,1
B07FDRXL7D,"Amazon Essentials Women's Classic-Fit Short-Sleeve Crewneck T-Shirt, Multipacks",17.1,4.6,123,0.2876070280866476,1
B07FH9W2J7,Amazon Essentials Men's Straight-Fit Wrinkle-Resistant Flat-Front Chino Pant,21.1711,4.4,6,0.29777283249158243,1
B07FMX9FSF,"POLO RALPH LAUREN Men's Slim Fit Cotton Crew Undershirts, 3 Pack",49.5,5.0,0,0.2695068027210884,1
B07FMXG9PB,Polo Ralph Lauren Men's Slim Fit Cotton V-neck Undershirt 3-pack,49.5,4.8,0,0.36050595238095234,1
B07FMY215J,POLO RALPH LAUREN Men's Classic Fit Cotton Tanks 3-pack,49.5,4.6,5,0.23325915750915752,1
B07FMYL9NR,"POLO RALPH LAUREN Men's Classic Fit Cotton Crew Undershirts, 3 Pack",49.5,4.6,7,0.3481875,1
B07FMZ31SR,"POLO RALPH LAUREN Men's Classic Fit Cotton V-Neck Undershirts, 3 Pack",49.5,4.7,30,0.19026479567707164,1
B07GFPVS2M,Gerber Baby 8-Pack Short Sleeve Onesie Bodysuits,15.88,4.857142857142857,9,0.3458728518955791,1
B07GG1R78H,Gerber Baby Girls' 8-Pack Short Sleeve Onesies Bodysuits,21.005,4.9,3,0.40896428571428567,1
B07GG593DL,Gerber Baby Boy and Girls 4-Pack Sleeper Gown,20.99,4.9,17,0.3507261153198653,1
B07GP4Q8Z5,Nike Mens Dri-FIT Short Sleeve Polo Shirt,42.951,4.2,0,0.27659418767507005,1
B07GPPKNRV,Skechers Men's Moreno Ederson Oxford,54.342200000000005,4.6,24,0.3158052721088435,1
B07GQDTNWK,Clarks Women's Juliet Palm Loafer,49.9941,4.4,53,0.2625043290376623,1
B07GX21XWG,Lucky Brand Men's 363 Vintage Straight Jean,59.864,4.6,0,0.2103299663299663,1
B07GZX245D,INVACHI Men's Wool Blend Pea Coat Warm Winter Trench Coat with Detachable Soft Scarf Single Breasted Overcoat,68.99,4.3,256,0.2244571368611547,1
B07H12JDN6,Lee Men's Extreme Motion Regular Boot Jean,39.905,4.916666666666667,20,0.4050968848538293,1
B07H3MYXFK,Simple Joys by Carter's Boys' 6-Piece Snug Fit Cotton Pajama Set,24.99,4.9,3,0.4271226551226551,1
B07HDLPVLH,"Hanes Men's Ecosmart Jogger Sweatpants, Men's Midweight Fleece Lounge Pants, 30.5",14.0536,4.7,16,0.2664445187165775,1
B07HNTS427,"Calvin Klein Men's Modern Fit Dress Pants | Suit Pants for Men | Performance Stretch Fabric, Flat Front, Ready-to-Wear",47.2221,4.6,10,0.37785416666666666,1
B07HNVR4ZD,Wrangler Authentics Men's Relaxed Fit Boot Cut Jean,27.0,4.4,0,0.2531364468864469,1
B07HNWC5LC,Wrangler Authentics Men's Classic Cargo Stretch Short,26.85,4.9,34,0.26365844979039765,1
B07HNWNXM2,Wrangler Authentics Men's Comfort Flex Waist Relaxed Fit Jean,29.99,4.8,24,0.22986689964624746,1
B07HR877BN,Nautica Men's Short Sleeve Solid Crew Neck T-Shirt,24.99,4.642857142857143,4,0.2136710588793922,1
B07HR8C4X3,Nautica Men's Solid Deck Shirt,29.99,4.8,0,0.5504166666666667,1
B07J31WFNB,Amazon Essentials Skinny Jeans for Women (Stretchy),17.2613,4.5,462,0.21373663009921126,1
B07J6784R8,Nautica Men's Classic Fit Short Sleeve Dual Tipped Collar Polo Shirt,26.7,5.0,0,0.625,1
B07J9PZGX4,Nautica Men's Solid Crew Neck Short-Sleeve Pocket T-Shirt,17.2721,4.7,0,0.358693056943057,1
B07JBRGFH4,"Gildan Men's Crew T-Shirts, Multipack, Style G1100",21.97,4.636363636363637,76,0.24415992701730513,1
B07JDGJ4P2,"Gildan Men's Underwear Covered Waistband Boxer Briefs, Multipack",17.5,4.7,51,0.2794875095328791,1
B07JHY96QC,Amazon Essentials Men's Athletic-Fit Casual Stretch Chino Pant (Available in Big & Tall),23.7,4.6,21,0.27653187229437226,1
B07JQ12R59,Polo Ralph Lauren Men's Ribbed Casual Crew Socks -3 Pair Pack- Cotton Comfort & Heel-toe Reinforcement,24.0,4.8,4,0.22849988662131518,1
B07JR4NDKS,Grunt Style 1776 Flag,29.99,4.833333333333333,0,0.40717757936507937,1
B07JVL5CW2,Plaid&Plain Men's Skinny Stretchy Khaki Pants Colored Pants Slim Fit Slacks Tapered Trousers,27.99,5.0,2,0.17786931818181814,1
B07K6V9763,The Children's Place Boys' Stretch Straight Leg Jeans,23.99,4.6,0,0.3034583333666666,1
B07KQVKMPP,"Gildan Men's Underwear Boxers, Multipack",19.99,4.6,18,0.28055654612272257,1
B07KWV1N5V,Springrain Men's Wool Blend Pea Coat Notched Collar Single Breasted Overcoat Warm Winter Trench Coat,59.989999999999995,4.2,31,0.29697807557852196,1
B07L57PG34,TACVASEN Men's Winter Jacket Cotton Military Jackets Fleece Lined Thick Work Warm Cargo Coats with Hooded,68.3837,4.6,34,0.3012912030596972,1
B07LGQ884Z,Rustler Men's Classic Regular Fit,13.982599999999998,4.818181818181818,18,0.33675148925148923,1
B07LGVSPKF,Rustler Men's Classic Relaxed Fit,13.987,4.5,45,0.22198691450571148,1
B07M6SSQXH,"Burt's Bees Baby Boys' Sleep & Play PJs, 100% Organic Cotton One-Piece Zip Front Jumpsuit, Baby Boys Footie Pajamas & PJs",14.95,4.9,0,0.22239467592592593,1
B07NDP7ZTX,Real Essentials 5 Pack: Men's Mesh Athletic Basketball Shorts Quick Dry Activewear with Pockets,33.99,4.6,2,0.3616286356023098,1
B07NHW8Z3N,Kingsted T-Shirts for Men Pack - Royally Comfortable - Super Soft Premium Fabric - Well-Crafted Classic Tee,39.992,4.6,25,0.26776903714294065,1
B07NSQNLPB,Tommy Hilfiger Chino Pants Custom Fit,53.3233,4.6,15,0.45766686521150807,1
B07NWZ6PBF,Real Essentials 4 Pack: Men's Dry-Fit UV Moisture Wicking UPF 50+ SPF Sun Protective Fishing Hiking Active Long Sleeve Shirt,34.993,4.7,6,0.2556458818958819,1
B07NX8H7QZ,Haggar Men's Iron Free Premium Khaki Classic Fit Pleat Front Expandable Waist Casual Pant (Regular and Big & Tall Sizes),35.782,4.666666666666667,0,0.41637844611528824,1
B07P7XLJDF,"Royal Kurta Mens Polyviscose Bandhgala Kneelong Sherwani (40, Black)",100.0,1.0,2,-0.025,0
B07PLVGLW8,Levi's Women's 311 Shaping Skinny Jeans (Also Available in Plus),48.653,4.75,21,0.3726078869047619,1
B07PNRZFKQ,Under Armour Men's Woven Vital Pants,32.192,4.5,16,0.3156795634920635,1
B07PPXVTXJ,Under Armour Men's Tech Golf Shorts,39.9633,4.888888888888889,0,0.28503738636091575,1
B07PQSW7V9,Lugz Men's Clipper Fashion Sneaker,24.985,4.5,2,0.2652037037037037,1
B07PZ8M9H4,Amazon Essentials Men's Heavyweight Hooded Puffer Coat,41.5432,4.9,45,0.2953618253968254,1
B07QL1H7KS,Levi Strauss Signature Gold Women's Mid-Rise Slim Fit Capris (Available in Plus Size),27.99,4.6,34,0.311265522875817,1
B07QPQLW34,Gerber baby-boys 5-pack Short Sleeve Variety Onesies Bodysuits,15.99,4.9,0,0.5339668560272728,1
B07QPQLWYB,Gerber Baby Girls' 5-Pack Short Sleeve Variety Onesies Bodysuits,15.99,4.875,6,0.3962586805555555,1
B07QPVWZKK,Nautica Men's Cotton Woven 3 Pack Boxer,15.512200000000002,3.8,32,0.2772553167731739,1
B07QZZ1LSG,"New Balance Men's 6"" Premium Performance Boxer Brief with Fly Front (3 Pack)",18.98,4.9,35,0.3238432824485456,1
B07R1J9J3J,"MIER Men's Workout Running Shorts Quick Dry Active 5 Inches Shorts with Pockets, Lightweight, Breathable",18.9914,4.6,4,0.215004515150026,1
B07RDL93KQ,"Hanes Mens 2 Pack Cotton Sleep Short, 7.5"" Inseam, Comfortable and Breathable, Assorted Colors",18.7111,4.7,2,0.4178621933621933,1
B07RFNMYS4,Nike Men's Flex Control TR3 Sneaker,60.727,4.6,2,0.2577377172758125,1
B07S2D47L8,Carhartt Men's Relaxed Fit Washed Duck Sherpa-Lined Utility Jacket,139.99,4.8,40,0.29113739050098697,1
B07S2D56H6,Carhartt Men's Relaxed Fit Duck BlanketLined Detroit Jacket,109.99,5.0,0,0.2375496031746031,1
B07SH9F51B,Lee Women's Ultra Lux Comfort with Flex Motion Trouser Pant,36.9914,4.8,108,0.24364739906737407,1
B07SN9RS13,Women's Floral Print Puff Sleeve Kimono Cardigan Loose Cover Up Casual Blouse Tops,13.99,4.4,832,0.25923403679177487,1
B07TF5NCTY,MAGCOMSEN Men's Polo Shirt Quick Dry Performance Short Sleeve Tactical Shirts Pique Jersey Golf Shirt,24.9831,4.6,78,0.19721679981516416,1
B07VCLR2ZS,"Mens White Single (4Mulam) Cotton Dhoti with Jari Border (Pack of 1 Dhoti, Size- 1.30X2.00 Mtrs)",17.89,3.9,0,0.33153388277619045,1
B07VKTGVV5,Hudson Baby Baby Girls' Cotton Dress and Cardigan Set,12.4911,5.0,0,0.45625000000000004,1
B07VPH7GTM,TACVASEN Men's Bomber Jacket Lightweight Casual Spring Fall Windbreaker Zip Up Coat with Pocket,39.9829,4.5,33,0.33833229022961164,1
B07VQJ8QGP,TACVASEN Men's Jackets-Bomber Jacket Fall Winter Warm Windbreaker Full Zip Casual Padded Coats,39.982,4.7,91,0.3602817646158555,1
B07VTSD48H,5 Pack Men’s Active Quick Dry Crew Neck T Shirts | Athletic Running Gym Workout Short Sleeve Tee Tops Bulk,39.9533,4.8,10,0.3532607219169719,1
B07XJ6M8GT,"Amazon Essentials Mens Underwear Boxer Briefs, Comfortable Cotton, Tag-Free, Pack of 5",18.0,4.6,20,0.3305604673104673,1
B07Y2KBF2W,Simple Joys by Carter's Baby 3-Pack Snap-up Rompers,21.5,4.9,2,0.3634048271720969,1
B07YHG62J6,THE GYM PEOPLE Mens' Fleece Joggers Pants with Deep Pockets in Loose-fit Style,26.9931,4.6,50,0.2561065441677569,1
B07YNY69X6,"SHAPERMINT Shapewear for women - High-Waisted Shapewear Tummy Control Shorts, Faja body shaper, underwear for women",25.99,4.25,332,0.15206053347059445,1
B07ZHXGYVG,"MAGCOMSEN Men's Hooded Windproof Water Resistant Rain Jacket Windbreaker 5 Pockets for Hiking,Fishing,Travel",40.7843,4.6,18,0.32776489732489733,1
B07ZLM669B,Bruno Marc Men's KnitFlex Breeze Mesh Sneakers Oxfords Lace-Up Lightweight Casual Walking Shoes,42.9912,4.8,30,0.31290023612750884,1
B07ZPQ8VDN,"Simple Joys by Carter's Baby Boys' 2-Way Zip Thermal Footed Sleep and Play, Pack of 2",15.588,4.9,0,0.35304654195011337,1
B07ZPQHFLC,Simple Joys by Carter's Baby Boys' 2-Pack Fleece Footed Sleep and Play,17.249,4.8,0,0.3356940836940837,1
B07ZSCB99R,adidas Men's Daily 3.0 Sneaker,39.8139,5.0,2,0.2851851851851852,1
B0823DJNPR,The Children'S Place Boys Basic Long Sleeve Tee,59.95,4.9,9,0.46154676870748296,1
B082DLPZTR,Levi's Mens Boxer Briefs Breathable Stretch Underwear 4 Pack,18.99,4.5,9,0.24203839680268252,1
B082F1D3Z6,Outdoor Ventures Men's Lightweight Packable Puffer Winter Jacket Insulated Puffy Coat for Snow Ski Hiking Travel,55.989999999999995,4.5,21,0.3050792497485679,1
B082TJ32DM,Volcom Men's Vmonty Stretch 22,24.0052,4.8,21,0.28012776081241986,1
B0832F9PRH,TASAMO Women's Casual Round Neck Basic Pleated Top Cap Sleeve Curved Keyhole Back Chiffon Blouse,20.9913,4.5,3,0.21890737411589947,1
B08354NT7W,Women's Banarasi Silk Blend Woven Zari With Tussles Saree and Jacquard Woven Blouse Piece,43.28,3.75,4,0.11749999999999998,1
B083W4JW26,COOFANDY Men's Rain Jacket with Hood Waterproof Lightweight Active Long Raincoat,39.9927,4.6,54,0.24117510819177487,1
B083XHS9XY,Simple Joys by Carter's unisex-baby 5-pack Side Snap Short-sleeve Bodysuit,19.57,4.9,0,0.24072023809523807,1
B084HFMYG3,"Gildan Men's Underwear Cotton Stretch Boxer Briefs, Multipack",21.225,4.9,15,0.2969794372294372,1
B084Q3ZJ4G,"Fruit of the Loom Boys' and Toddler Boxer Briefs, Tag Free & Breathable Underwear, Assorted Color Multipacks",13.98,4.857142857142857,7,0.3374385021865889,1
B085C2KTNG,"Mens Swim Trunks Quick Dry Board Shorts with Mesh Lining, Breathable Fit Hawaii Beach Shorts Swimwear Bathing Suits",19.9939,4.75,0,0.12717460317460313,1
B085G4DXLK,Women Art silk Sarees SDPL-METRO,14.83,3.0,0,0.12999999999999995,1
B085NF55WL,COOFANDY Men's 2 Pack Gym Workout Shorts 7 Inch Quick Dry Athletic Shorts Lightweight Running Shorts with Pockets,29.9925,4.5,5,0.24535022015022015,1
B086KKT21F,Hanes Men's Lightweight Cotton Moisture-Wicking Tank Undershirts (6 Pack),21.98,4.636363636363637,2,0.29924445346320344,1
B086KKT23M,"Hanes Men's Moisture-Wicking Cotton Briefs, Available in White and Black, Multi-Packs Available",10.72,4.857142857142857,17,0.2012575863678805,1
B086KKT44V,"New Balance Men's 5"" Performance No Fly Boxer Brief (4 Pack)",17.47,4.8,0,0.20040833333333335,1
B086L1PM8V,"Hanes Men's Pocket Undershirt Pack, Cotton Crew Neck T-Shirt, Moisture Wicking Tee, Assorted 6-Pack",21.98,4.545454545454546,6,0.297563936484391,1
B086L57B7J,"Hanes Men's Cotton, Moisture-Wicking Crew Tee Undershirts, Multi-Packs Available",21.34,4.7,119,0.23157848486549462,1
B0872DSL47,Under Armour Boys' Brawler 2.0 Tapered Pants,22.5025,4.7,4,0.2664017857142857,1
B0874W4WQ9,Under Armour Men's HeatGear Compression Long-Sleeve T-Shirt,33.305,4.7272727272727275,15,0.298003848016835,1
B0874WD2B2,Under Armour Men's HeatGear Compression Short-Sleeve T-Shirt,26.071300000000004,4.909090909090909,8,0.3753023088023088,1
B0874WPYV6,Under Armour Boys' Logo Short Sleeve Tee Shirt,14.992500000000001,4.8,0,0.4329543450376784,1
B0874WWX2P,Under Armour Men's HeatGear Compression Shorts,26.671100000000003,4.8,0,0.2845805513930514,1
B087G2XPB2,Workout Shirts for Men Short Sleeve Quick Dry Athletic Gym Active T Shirt Moisture Wicking,29.9823,5.0,0,0.2229215229215229,1
B087YQCWKG,Under Armour Men's Charged Assert 9 Running Shoe,59.9914,4.9,78,0.33344616957116957,1
B08885RKFY,Wrangler Authentics Men's Relaxed Fit Stretch Cargo Pant,29.99,4.8,7,0.2764078144078144,1
B088CTB3KC,Adibosy Women Summer Casual Shirts: Short Sleeve Striped Tunic Tops - Womens Crew Neck Tee Tshirt Blouses,13.995,4.5,15,0.33204725829725834,1
B088GTRQY8,Volcom Men's Vmonty Chino Shorts,29.993299999999998,4.5,6,0.2717371794871795,1
B088NSCVG2,Onesies Brand Baby Boys' 4-Pack Sleep 'N Play Footies,23.99,4.9,6,0.32832341266507936,1
B089CJT9NX,Lee Women's Legendary Mid Rise Bootcut Jean,26.003899999999998,4.6,29,0.30640446839485297,1
B08BC4HDS2,Workout Shirts for Men Short Sleeve Quick Dry Athletic Gym Active T Shirt Moisture Wicking,29.9732,4.545454545454546,62,0.2418180953976408,1
B08BC5YNP3,COOFANDY Men's Casual Linen Pants Elastic Waist Drawstring Beach Summer Pants Lightweight Linen Trousers,35.991,4.4,35,0.2175810015925562,1
B08BG7WRTG,Carhartt Men's Loose Fit Washed Duck Insulated Active Jacket,119.98999999999998,4.9,56,0.29697571256066524,1
B08BG8D5TR,Carhartt Men's Loose Fit Washed Duck Sherpa-Lined Coat,129.99,4.9,15,0.3614380572109468,1
B08CBVFFZ6,HEAWISH Women's Floral Ballet Flats for Women Black Beige Slip On Flowers PU Leather Round Toe Dress Shoes,16.495,4.636363636363637,47,0.2895970506939121,1
B08CW7GW58,Amazon Essentials Women's Pointed-Toe Ballet Flat,23.7,4.5,52,0.20850881992508968,1
B08CZZZB1N,"Fruit of the Loom Men's Coolzone Boxer Briefs, Moisture Wicking & Breathable, Assorted Color Multipacks",24.74,3.9,205,0.25970183982683986,1
B08D2TC7BT,5 Pack Men's Active Quick Dry Fit Shorts - Athletic Running Gym Workout Casual Shorts with Pockets Bulk,28.4721,4.5,2,0.26905242574885435,1
B08DD9LQ9S,"Mens Single (1.28 X 2.00 mtrs) Colour Thalathi Border Dhoties for mens/fine quality Single Dhoties for men's, WHITE, 1.28x2.00 mtrs",20.0,3.6,0,0.18487179480512822,1
B08DP681C4,"Fruit of the Loom Men's Breathable Boxer Briefs, Moisture Wicking Underwear, Assorted Color Multipacks",17.9,4.9,18,0.3230999313186813,1
B08DXSSMYK,GUESS Women's Loven Sneaker,31.5149,4.8,17,0.19160621782764642,1
B08F2P8CS9,"Fruit of the Loom Men's Undershirts, Moisture Wicking & Tag Free, Short Sleeve Crew T-Shirts",21.48,4.818181818181818,92,0.2917676911751146,1
B08FBLCCWT,"Fruit of the Loom Men's Tag Free Knit Boxer Shorts, Relaxed Fit, Moisture Wicking, Assorted Color Multipacks",16.9035,5.0,0,0.0,1
B08FDXYMR5,Toddler Infant Baby Boy Clothes Striped Long Sleeve Hoodie Tops Sweatsuit Pants Outfit Set,23.9914,4.4,0,0.33501772186147183,1
B08G5FZK73,"HonestBaby Multipack Short Sleeve T-Shirt Tee 100% Organic Cotton Infant Baby, Toddler, Little Kids Boys, Girls, Unisex",24.9958,4.7,9,0.3306872441284206,1
B08GHLBW8P,Gerber Baby Boys' 4-Pack Footed Pajamas,23.003,4.6,2,0.24589880947460316,1
B08GKRNT2T,KuaiLu Womens Arch Support Flip Flops Comfortable Yoga Mat Slip on Summer Beach Walking Thong Cushion Sandals,0.0,4.5,97,0.3261685941043084,1
B08GZL48D9,"Fruit of the Loom Men's Tag Free Woven Boxer Shorts, Relaxed Fit, Moisture Wicking, Assorted Color Multipacks",19.9923,4.583333333333333,50,0.2803956911144411,1
B08HPT1516,Nike Club Men's Training Joggers,43.6612,4.1,0,0.468248334998335,1
B08JGBB9N1,BALENNZ Athletic Shorts for Men with Pockets and Elastic Waistband Quick Dry Activewear,29.9932,4.6,20,0.3247230379773483,1
B08JM661K7,Men's Cozy Hidden Expandable Waist Dress Pants | Premium Stretch Texture Weave Work to Weekend Pants,29.4535,4.454545454545454,4,0.3312615662656247,1
B08JTQP6VY,Men's Athletic Shorts with Pockets and Elastic Waistband Quick Dry Activewear Workout Shorts for Men,25.684000000000005,4.6,19,0.23115997088832957,1
B08KG88XXR,Avanova Women Polka Dot Long Sleeve Blouse Shirts Work Mock Neck Ruffle Top,28.99,4.6,15,0.2438863211919701,1
B08KL9BZ17,PUMA Men's Axelion Cross Trainer,40.005,4.7,2,0.4100826395826395,1
B08KZYTHWR,Feethit Womens Slip On Running Shoes Non Slip Walking Shoes Lightweight Gym Workout Shoes Breathable Fashion Sneakers,29.6324,4.0,232,0.25688153591437907,1
B08L8HGG6T,"Pair of Thieves Men's Athletic Cotton Low-Cut Socks - 6-Pack Cushioned Comfort Socks for Sports, Work & Casual Wear",9.7425,4.7,4,0.36013818030544215,1
B08L93432B,Newborn Baby Boy Girl Clothes Ribbed Knitted Cotton Long Sleeve Romper Long Pants Solid Color Fall Winter Outfits,14.991199999999997,4.8,0,0.22409020146520145,1
B08LT8LY5N,"Ultra Performance Mens 5 Pack Athletic Running Shorts, Basketball Gym Workout Shorts for Men with Zippered Pockets",32.996,4.4,21,0.0881156737998843,1
B08LTC498Q,"Ultra Performance 3 Pack Fleece Active Tech Joggers for Men, Mens Sweatpants with Zipper Pockets",34.9942,4.4,14,0.2941618104118104,1
B08M429KCV,Women Art Silk Lace Printed Saree Free Size (AIR),14.83,3.5,9,0.12354166666666663,1
B08ML4W3X1,adidas Men's Essentials Warm-Up Open Hem 3-Stripes Tracksuit Pants,23.0049,4.7,111,0.24959154774065487,1
B08MLNXBCB,adidas Men's Essentials 3-Stripes Tricot Jogger Pants,29.97,4.9,15,0.4340731120731121,1
B08MQWFCVF,Tommy Hilfiger Men's Brecon,39.9953,5.0,0,0.4237811791383219,1
B08NDMWJV9,INZCOU Running Shoes Lightweight Tennis Shoes Non Slip Gym Workout Shoes Breathable Mesh Walking Sneakers,36.9827,4.6,104,0.19896881813910178,1
B08NMPSNZ4,Levi's Mens Underwear Microfiber Boxer Brief for Men Ultra Soft 4 Pack,17.994,4.5,0,0.25789682539682535,1
B08P1NVJDW,"G Gradual Men's Sweatpants with Zipper Pockets Athletic Pants Traning Track Pants Joggers for Men Soccer, Running, Workout",29.99,4.7,56,0.2773052749129955,1
B08P52ZV47,The Children's Place Boys Multipack Basic Bootcut Jeans,55.4026,4.777777777777778,7,0.34385695065843624,1
B08PF4YNVQ,COOFANDY Mens Sport Coat Casual Blazer One Button Business Suit Jacket,73.99,4.4,63,0.2857214953026248,1
B08PYH5PCC,MEN'S NIKE THERMA PULLOVER HOODIE,58.1922,4.3,0,0.41067063492063494,1
B08Q3H4W7T,"Burt's Bees Baby Baby Boys Pajamas, 2-Piece Long Sleeve Tee and Long Pant Cotton PJ Set, Sizes for 12 Months to 12 Years",17.95,4.9,13,0.3303352498196248,1
B08Q86H92W,"Dockers Men's Perfect Classic Fit 8"" Shorts",24.4413,4.384615384615385,9,0.35036529127438215,1
B08QBDWX2C,"Lacoste Men's Cotton Stretch Big Croc Print Boxer Briefs, 3-Pack",28.410000000000004,4.9,0,0.30029978354978354,1
B08R652XRB,Sailwind Men's Drawstring Linen Pants Casual Summer Beach Loose Trousers,29.98,4.5,28,0.25883621111828714,1
B08SM3CDLN,ZITY Mens Polo Shirt Short Sleeve Sports Tactical T-Shirt Athletic Golf Polos Daily Casual Stylish Collared Shirts for Men,14.246299999999998,4.545454545454546,2,0.3274098124098124,1
B08SS8M9JT,Amazon Essentials Men's Packable Lightweight Water-Resistant Puffer Jacket (Available in Big & Tall),38.4,4.6,247,0.26327123703158184,1
B08T25KPN2,FANDEE Plus Size Maxi Dress for Women Casual Summer Sundress V-Neck 3/4 Sleeve,31.992,4.4,29,0.39738546176046174,1
B08TB5KMQ8,Lee Men's Extreme Motion Carolina Cargo Short,15.0057,4.9,38,0.3809735718150897,1
B08TBG1BPD,Women's Casual T Shirt Dress Summer Short Sleeve Swing Dresses with Pockets,19.99,4.6,20,0.42076322751322753,1
B08WKCT1CH,Lee Men's Relaxed Fit Straight Leg Jean,34.901,4.6,28,0.20945523739545474,1
B08Y5SNZTY,The Children'S Place Boys Basic Short Sleeve Tee,23.0856,4.9,10,0.3697073412698412,1
B08YRDNXJK,"33,000ft Men's Hooded Softshell Jacket Waterproof Lightweight Insulated Windbreaker Fleece Lined Rain Shell Jacket",59.989999999999995,4.8,88,0.3140933944384837,1
B08Z755PCH,Mioglrie Newborn Infant Baby Girl Clothes Romper Shorts Set Floral Summer Outfits Cute Baby Clothes Girl,14.98,4.8,0,0.45869196428571424,1
B08ZNZ9NFT,Calvin Klein mens Mid-weight Sherpa Lined Puffer,79.99,4.8,3,0.4243444943944944,1
B08ZQM6Y2B,Calvin Klein Men's Full Zip Down Puffer Coat,69.99,4.9,10,0.4816730769230769,1
B091M4492K,adidas Men's Hoops 3.0 Mid Sneaker,52.39300000000001,4.9,16,0.32593549874495253,1
B091MKD517,adidas Men's Entrada 22 Shorts,13.002800000000002,4.1,17,0.26770238095238097,1
B0921G7MCY,Calvin Klein Men's Snap Front Puffer Jacket,114.75,4.8,20,0.3132442929741066,1
B092YTHSSV,Gerber Baby 5-Pack Solid Onesie Bodysuits,14.99,4.9,5,0.2368576069752178,1
B093TXC5S1,Reebok womens Club C 85 Vintage,0.0,4.75,44,0.21189397068073537,1
B094C62WFQ,Dr. Scholl's Women's Time Off Sneaker,70.003,5.0,35,0.17820512820512815,1
B094JKXP76,TELALEO 6 or 5 Pack Compression Shorts for Men Spandex Sport Shorts Athletic Workout Running Performance Baselayer Underwear,27.99,4.6,47,0.13805044056692406,1
B096PFYLSH,"TOMS Women's, Alpargata Slip-On",19.952,4.5,9,0.28754710852419185,1
B096QFTC9Q,"Mens Sweatpants with Zipper Pockets Open Bottom Athletic Pants for Workout,Running,Training,Jogging,Gym",37.9924,4.5,7,0.30649296536190473,1
B096YJ8663,Amazon Essentials Men's Classic-Fit Stretch Golf Short (Available in Big & Tall),26.600000000000005,4.666666666666667,11,0.17948752148708944,1
B096YJWVDD,adidas Boys' Classic 3-Stripes Shorts,11.6653,4.7,2,0.2798193843416065,1
B096YLM4CK,Amazon Essentials mens Straight-fit Stretch Golf Pant,25.6712,4.4,15,0.31524656463705375,1
B096YM16SV,Amazon Essentials Men's Full-Zip Fleece Jacket (Available in Big & Tall),19.4432,4.5,20,0.2720092062466012,1
B096YQ5KTS,Amazon Essentials Men's Classic-Fit Expandable-Waist Pleated Dress Pant,26.162199999999995,4.6,14,0.31717045454545456,1
B097JVM91J,HEAWISH Women’s Ballet Flat Daisy Round Toe Dress Shoes Casual Slip On Rope Loafer,12.944999999999999,4.4,33,0.3473988095238095,1
B0983JZPV4,Fullfamous Baby Girl's 3pc Rib Frill Long Sleeve Romper and Pant Set,16.191,4.8,4,0.5256983865914787,1
B098KXZG2Z,Lee Men's Legendary Slim Straight Jean,34.905,4.545454545454546,0,0.32507628231942803,1
B098QPTCF8,"JUNBAOSS Men's Slim Fit Stretch Jeans Ripped Skinny Jeans for Men, Distressed Straight Leg Fashion Comfort Flex Waist Pants",33.99,4.5,2,0.30044011541233767,1
B09B52VSNC,5 Pack Men's Dry Fit T Shirts Athletic Running Gym Workout Short Sleeve Tee Shirts for Men,24.997,4.4,40,0.2636666341983981,1
B09BVPH8FX,QPNGRP Mens Waterproof Ski Snowboard Jacket Winter Windproof Snow Coat,63.989999999999995,4.8,2,0.29060912698412694,1
B09CD5QCJJ,LBL Leading the Better Life Men's Sweat Suit 2 Piece Outfit Casual Contrast Sports Jogging Tracksuits Set,43.99,4.1,16,0.3682035713888889,1
B09CGWK6PR,CRZ YOGA Men's Linerless Workout Shorts - 7'' Quick Dry for Running Sports Athletic Gym with Pockets,28.0,4.9,10,0.3612691413524747,1
B09CVB14HY,"Men's Cotton Dhoti/Kerala Style Dhoti, 2.0meter (Pack of 2), Light Brown&Grey, Free Size",24.47,3.7,3,0.22208333333333333,1
B09FCBZ4YK,"Hanes Men's Underwear Boxer Briefs, Cotton Stretch Moisture-Wicking Underwear, Multi-pack",26.0,4.9,0,0.446047619047619,1
B09GHFT3M9,Nine West Women's One Step Ready Pull On Jegging,21.7946,4.7,10,0.39416666666666667,1
B09GK5CYD7,Rock & Republic Men's Relaxed Straight Jean,24.5351,4.9,5,0.3531488095238095,1
B09GRXDMF6,Amazon Essentials Men's Athletic-Fit Stretch Jeans,26.6,4.5,47,0.22883222242238635,1
B09H79QJSH,"G Gradual Men's Sweatpants with Zipper Pockets Tapered Joggers for Men Athletic Pants for Workout, Jogging, Running",29.9925,4.8,39,0.31811024531024523,1
B09J18SNGM,SOMTHRON Men's Casual Trench Coat Slim Fit Notched Collar Long Jacket Overcoat Single Breasted Pea Coat wih Pockets,54.989999999999995,4.4,9,0.18516599769308095,1
B09JFQ74YX,SUNNY PIGGY Newborn Infant Baby Girl Clothes Ruffle Romper Toddler Girl Floral Cotton Pant Sets Girls Clothing Outfit,14.98,5.0,0,0.29761904761904756,1
B09JFZTWVJ,J.VER Men's Dress Shirts Solid Long Sleeve Stretch Wrinkle-Free Formal Shirt Business Casual Button Down Shirts,19.99,4.833333333333333,12,0.36482262014080197,1
B09JYPMWP2,Levi Strauss Signature Gold Men's Athletic Fit Jeans,31.99,4.7272727272727275,10,0.3405160271217584,1
B09K1K8117,Levi Strauss Signature Gold Women's Modern Straight Jeans,27.99,5.0,0,0.2334061237907392,1
B09K1PMWR6,Levi Strauss Signature Gold Men's Slim Fit Jeans,27.99,4.7,34,0.29337367234762923,1
B09KMB7QB4,"Dickies 5 Pack Mens Boxer Briefs With Pouch, Moisture Wicking Performance Underwear For Men",14.995,3.7,0,0.2899759615761905,1
B09KVJHLKV,"Rameshwaram Fabrics Men's Silk Ready to Wear Dhoti for men (Readymade Dhoti Pant with Dupatta), Suitable with Kurta, Free Size, Cream, Free Size",32.0,3.6666666666666665,2,-0.03333333333333335,1
B09KWY2C3W,Real Essentials 3 Pack: Men's Mesh Athletic Gym Workout Lounge Open Bottom Sweatpants with Pockets (Available in Big & Tall),34.99,4.5,25,0.2057753941462975,1
B09L4N3BD7,EKLENTSON Men's Winter Jacket Thick Thermal Cotton Warm Fleece Lined Coat Trucker Lapel Work Cargo Jackets for Men,69.98,4.8,13,0.3324384395366538,1
B09LH6CFNH,CHICGAL Summer Dresses for Women Beach Cover Ups Strapless Boho Floral Print Sundress,14.7924,4.6,48,0.34343439399042847,1
B09LQSKLX8,MAGCOMSEN Men's Winter Jacket Lined Sherpa Jacket Warm Trucker Coat Multi Pocket,69.988,4.3,13,0.28002158374033376,1
B09LSJKWMV,Lee Men's Extreme Motion Crossroad Cargo Short,19.9943,4.7,11,0.2987126329112075,1
B09M6RJCRV,ELETOP Men's Swim Trunks Quick Dry Bathing Suit Swimming Board Shorts Mesh Lining Beach Swimwear,19.99,4.9,0,0.5267556689342403,1
B09MHPSWY2,ZITY 5 Pack Mens Polo Shirt Short Sleeve Sports Golf Tennis T-Shirt Moisture-Wicking Summer Shirts,68.3935,4.6,2,0.24828368853368848,1
B09MJF72CL,Blooming Jelly Womens White Blouse V Neck Ruffle Sleeve Flowy Shirts Dressy Casual Cute Summer Tops,19.9933,4.6,0,0.4201649659863945,1
B09N3T5H8M,Dokotoo Women's V Neck Lace Crochet Eyelet Tops Short Sleeve Casual Shirts Blouses,29.99,3.5,297,0.2271845238095238,1
B09NF2Y5Y5,Under Armour Boys' Elite Short Sleeve T-Shirt,11.0015,4.7,0,0.40236452402816036,1
B09NMJ14NP,Nike Men's Running Shoe,49.0032,4.5,3,0.3405189075344538,1
B09NMN9C21,Wrangler Men's Free to Stretch Relaxed Fit Jeans,29.992399999999996,4.7,2,0.31219672346092797,1
B09NMPH8Y7,Wrangler Authentics Men's Athletic Fit Stretch Jean,29.05,4.5,4,0.3666428571650794,1
B09NN25LWJ,TAOHUADAO Womens 2025 Summer 3/4 Sleeve Tunic Tops Chiffon Work Blouse V-Neck Dressy Casual Shirt,19.99,4.5,16,0.32330539286421633,1
B09PDMRNNZ,KDF Flare Jeans for Women Women's Bootcut Bell Bottom Jeans High Waisted Stretch Slimming Bell Bottoms Jeans,36.66,4.4,38,0.26858700327450324,1
B09PF7NPPZ,Champion Men's Every Day Comfort Stretch Cotton Boxer Briefs,36.99,5.0,0,0.0,1
B09PYTB8SD,"Men's 5"" Running Shorts 2 Pack Quick Dry Athletic Workout Gym Shorts with Zipper Pockets",21.9915,4.6,10,0.2803444635408451,1
B09Q618MMY,Mens Chinos Slim Fit Pants Flat Front Stretch Skinny Tapered Dress Pants Comfort Casual Solid Trousers,38.99,3.5,11,0.2596393247955748,1
B09Q7Y2SJD,"Tralilbee Women's Plus Size Tops Casual Blouse Short Sleeve Lace Crochet Tunic Tops, M-4XL",18.99,4.833333333333333,2,0.2854315476190476,1
B09QM9P487,ANRABESS Women’s Summer Loose Boho Flowy Wrap V Neck 3/4 Sleeve Floral Print Slit Beach Wedding Guest Long Maxi Dresses,49.99,4.2,506,0.24215567765567764,1
B09QRMVL84,GIISAM Mens Windproof Jacket Waterproof Lightweight Mountain Sport Jacket for Men Hooded Windbreaker Raincoat,35.99,4.2,58,0.24676760695007266,1
B09QYBYFTP,Soojun Men's Classic Fit Flex Waist Flat Front Dress Pant,29.99,4.5,12,0.36278968253968247,1
B09R7YKSM1,"Hanes Men’s Total Support Pouch Boxer Briefs, X-Temp Cooling, Moisture-Wicking Underwear, Regular, Long-leg and Trunk, 3-Pack",17.956,5.0,0,0.0,1
B09RQY638M,Pair of Thieves Soft Cotton Boxer Briefs for Men Pack (4 & 8 Pack) - Tagless Underwear for Men Pack,19.99,4.5,76,0.2167506657627742,1
B09S6VVX5B,"Gildan Unisex Adult Heavy Cotton T-Shirt, Style G5000, Multipack",9.9448,4.636363636363637,53,0.20429149297965363,1
B09T9H75NQ,"Custom Mens Underwear Boxer Briefs, Socks with Faces on Them Custom Gifts for Boyfriend & Husband",14.99,4.2,2,0.24609977321882087,1
B09TK9248H,ZITY 4 Pack Mens Polo Shirt Short Sleeve Sports Golf Tennis T-Shirt Athletic Collared Tactical Shirts,53.9944,4.5,14,0.38478027751234267,1
B09TZQKDL7,Obtaom Women's Play Fashion Sneaker White Color Washed and Leopard Canvas Slip on Shoes,21.99,4.625,243,0.2548442544145669,1
B09VBK13ZV,"maamgic Mens 5"" Gym Running Shorts for Men 2 in 1 Quick Dry Workout Athletic Shorts",32.99,4.6,12,0.33901416166680154,1
B09VT1BHH1,PRETTYGARDEN Women's Short Sleeve Casual T Shirts Summer Ruffle Plain Round Neck Loose Fit Tee Blouse Tops,17.984,4.5,44,0.2895935717060717,1
B09WCWZPLD,Under Armour Men's Tech Graphic Shorts,25.1616,4.9,70,0.20381417406833005,1
B09WDNRN1T,BTFBM Women Casual Boho Blouse Dressy Floral Puff Long Sleeve Shirts V Neck Lightweight Chiffon Summer Fall Tops 2025,28.889999999999997,4.4,10,0.27820258441396006,1
B09XBV1X8S,Under Armour Men's Charged Assert 10 Running Shoe,59.2521,4.9,42,0.29299678909772076,1
B09XH244ZF,adidas Men's Sportswear Basic 3-stripes Tricot Track Suit,45.324,4.9,6,0.4629994172494173,1
B09XRGG5NV,New Balance Women's Fresh Foam ROAV V1 Sneaker,74.9512,4.7,53,0.2771250689955521,1
B09Y8TM3LL,XIMXIMMTIAN Men's Biker Moto Washed Distressed Slim Fit Straight Jeans Denim…,35.99,4.7272727272727275,0,0.39699494949494946,1
B09YPRWH1T,SCODI Men's Flannel Shirt Jacket Fleece Sherpa Lined Plaid Jackets Coat Full Zip Up Hoodie Winter Outwear,59.99249999999999,4.2,77,0.20118796263279554,1
B09YPYFC4Q,VIPONES Women Jeans High Waisted Skinny Stretchy Soft Slim Fit Distressed Comfy Classic Jeggings Denim Pants,32.998,5.0,0,0.22909080502830492,1
B09YY6SQB8,"CRZ YOGA Men's All Day Comfy Golf Pants - 30""/32""/34"" Quick Dry Lightweight Work Casual Trousers with Pockets",45.0,4.7,10,0.3386528228715729,1
B09Z5X9B86,PRETTYGARDEN Women's Summer Casual Boho Dress Floral Print Ruffle Puff Short Sleeve Flowy Midi Beach Party Dresses,38.392,4.4,140,0.2785313644688644,1
B09ZD9WFGM,PURE CHAMP Mens 3 Pack Fleece Active Athletic Workout Jogger Sweatpants for Men with Zipper Pocket and Drawstring Size S-3XL,39.99,4.4,200,0.2521095406786196,1
B09ZL695FM,ZESICA Women's 2025 Summer Casual Flutter Short Sleeve Crew Neck Smocked Elastic Waist Tiered Midi Dress,45.99,4.5,8,0.31874720691245456,1
B09ZLMK2Q5,"Womens Jacquard Standard Length Saree, Mustard, Free Size",17.9,2.8,0,0.24124999996666663,0
B0B1LX9FGW,"Pudolla Men's Hiking Cargo Shorts 9"" Lightweight Outdoor Work Shorts for Men Travel Golf Camping Casual with 5 Zipper Pockets",29.9917,4.6,17,0.22985200218171825,1
B0B1WMKNM5,"Mens Underwear Cotton Boxer Briefs Comfy Breathable 6"" Underwear Tagless Wide Waistband Boxer Briefs Multipack",33.98,4.285714285714286,15,0.18721793328034367,1
B0B24PVTYC,FENSACE Womens Sundress Summer Floral Short Sleeve Wrap V Neck A-Line Midi Dress,33.99,4.4,61,0.3192723214285714,1
B0B28SWXWP,Alimens & Gentle Mens Solid Oxford Shirt Long Sleeve Dress Shirt Work Casual Button Down Shirts with Pocket,22.9923,4.5,44,0.357187718837535,1
B0B2F3PM2R,On Men's Cloud X 3 Shift Sneakers,133.0811,4.5,7,0.3654669140709957,1
B0B2NTYHTK,Mens Lightweight Jacket Casual Bomber Jacket Varsity Coat,37.99,4.6,0,0.4278698412698413,1
B0B31C4S86,Carhartt Men's Relaxed Fit 5-Pocket Jean,44.99,4.4,7,0.2902092996289425,1
B0B34QD8XV,POLO RALPH LAUREN Classic Sport Solid Ankle Socks - 6 Pair Pack - Athletic Cushioned Cotton,28.9815,4.9,4,0.5614599567099567,1
B0B34TX2T2,Polo Ralph Lauren Men's Argyle Pattern Dress Crew Socks - 3 Pair Pack - Soft Lightweight Cotton Comfort,24.0,4.9,0,0.45438383838383845,1
B0B34WC9KB,POLO RALPH LAUREN mens Athletic Performance Cotton Ankle Socks - 6 Pair Pack - Moisture Wicking Mesh,28.988999999999997,4.9,5,0.4175621885621886,1
B0B34WQ6L2,POLO RALPH LAUREN Men's Athletic Performance Cotton Crew Socks - 6 Pair Pack - Moisture Wicking Mesh,28.988999999999997,4.9,24,0.2957891929499072,1
B0B34Z57RW,True Religion Mens Boxer Briefs Cotton Stretch Underwear for Men Pack of 6,29.9914,4.1,3,0.40407653061224486,1
B0B38Y9436,rytras Women's Cotton Printed Straight Kurti (RYT311_Blue_XXX-Large),31.670000000000005,4.1,0,0.25836805555555553,1
B0B391RPYX,rytras Women's Cotton Printed Straight Kurti (RYT311_Blue_XX-Large),31.23,4.666666666666667,2,0.2666666666666666,1
B0B3TBJ79D,VILOCY Men's Casual Dress Sneakers Oxfords Business Mesh Breathable Walking Shoes Tennis Comfortable,42.997,4.6,27,0.29417532467532465,1
B0B47NGW9D,ASICS Men's Gel-Venture 9 Running Shoes,59.9525,4.7,7,0.39447674751718864,1
B0B47Q6QYP,POLO RALPH LAUREN Men's Slim Fit Stretch Crew Tee,49.5,4.909090909090909,0,0.330829538426941,1
B0B47TJ3TN,"POLO RALPH LAUREN Men's 4D Flex Cooling Microfiber Boxer Briefs & Long Leg Boxer Briefs, 3 Pack",54.5,4.9,0,0.3572727272727273,1
B0B4FWZB49,womens A-line,27.0,3.9,4,0.382235347985348,1
B0B4RXVVFG,CAMEL CROWN Men's Mountain Snow Waterproof Ski Jacket Detachable Hood Windproof Fleece Parka Rain Jacket Winter Coat,49.99,4.9,40,0.2968492128786246,1
B0B59BJG6Y,4/5 Pack Mens Polo Shirts Short Sleeve Quick Dry Moisture Wicking Casual Golf T Shirts for Men,39.9926,4.7,2,0.4659300595238095,1
B0B59KV3WS,4-7 Pack Long Sleeve Shirts for Men Quick Dry Moisture Wicking Mens Long Sleeve Tee Shirts Workout T Shirts,35.9933,4.9,6,0.3949024216524216,1
B0B5NS9XXB,"The North Face Men's Flare 2 Insulated 550-Down Full Zip Puffer Jacket (Large, Tnf Black)",141.4514,4.6,7,0.4863095238095238,1
B0B6DCY8GT,Gerber Baby Girls' 4-Pack Footed Pajamas,23.0023,4.7,4,0.16201042774763882,1
B0B6FHTHQC,Women's Kanjivaram Soft Silk Saree With Blouse Piece 6.3metres,59.00160000000001,3.9,9,0.4838752913752914,1
B0B6Z9MVTF,Onesies Brand baby-girls 3-pack Romper,19.99,4.9,4,0.4225,1
B0B713424T,SPOSULEI Mens Skiing Jackets with Hoode Snowboarding Waterproof Fleece Liner Coats Windproof Winter Raincoat Multi Pockets,61.98,4.8,9,0.32207119963369957,1
B0B7RKW1X6,On Men's Cloudgo Sneakers,148.89,4.5,15,0.3323041445944407,1
B0B7S9HP64,Women's Maroon Poly Crepe A-line Kurta Set With Dupatta,44.99,4.0,0,0.3491213152539682,1
B0B84WZ5DY,Wrangler Authentics Men's Slim Fit Straight Leg Jean,27.99,4.636363636363637,2,0.2099085485017205,1
B0B883C9XX,Rapoo Men's Winter Ski Snow Jacket Mountain Waterproof Windproof Rain Jacket,62.989999999999995,4.6,2,0.2721215076590076,1
B0BB2JC2QX,ZITY Men's Flannel Hoodie Shirts Casual Button Down Plaid Shirt Jackets for Men Long Sleeve Stylish Hooded with Pocket,19.9951,4.5,0,0.27931722688123245,1
B0BBDTT6D4,KEFITEVD Men's Jacket Casual Windproof Bomber Jackets Full Zip Windbreaker Jackets Warm Winter Padded Coats Bomber Jackets,49.98,4.7,7,0.370795138879798,1
B0BC3PS8XJ,SIRIL Women's Bandhani Printed Chiffon Saree With Blouse(2612S2080_) 5.5 Meters Orange & Red,0.0,4.0,2,0.5361666666666667,1
B0BFCZSBTG,Dokotoo Womens Blouses Fashion Long Sleeve Shirts V Neck Business Casual Tops Spring Summer Outfits 2025,20.99,4.666666666666667,5,0.29533512122797834,1
B0BFDRQLNC,"NORTHYARD Men's Athletic Running Shorts Quick Dry Workout Shorts 7""/ 5""/ 9"" Lightweight Sports Gym Basketball Shorts Hiking",22.0915,4.8,11,0.2478630769230769,1
B0BGJ5XZTQ,ZITY 3 Pack Mens Polo Shirt Short Sleeve Sports Performance Business Casual Golf Shirts for Men Collared Tactical T-Shirts,35.996,4.0,76,0.2296448412698413,1
B0BGSDG377,TELALEO 4/5 Pack Mens Polo Shirts Quick Dry Short Sleeve Golf T Shirt Performance Moisture Wicking Casual Workout,42.997,4.7272727272727275,14,0.3478627082145989,1
B0BGWBQ9VW,Under Armour Boys' Rival Fleece Joggers,29.6226,4.7,0,0.4932857142857143,1
B0BGXTC1FR,V VALANCH Mens Polo Shirts Short Sleeve Moisture Wicking Golf Polo Athletic Collared Shirt Tennis T-Shirt Tops,26.9931,4.7,3,0.4409642857142857,1
B0BHLYZTHH,CUPSHE Women Eyelet Long Sleeve Tops Shirts Dressy Hollow Out Crochet Lace Embroidered Blouses 2025 Fashion,33.99,4.5,53,0.27731115362811787,1
B0BHPRRS6C,adidas Men's Swift Run Sneaker,60.0033,4.7,2,0.3330904882154882,1
B0BHPS8B12,adidas Women's Swift Run Sneaker,60.0033,4.7,8,0.3275164835164835,1
B0BHPSXR7X,adidas Men's Kaptir 3.0 Sneaker,51.6043,4.5,5,0.29451776695526694,1
B0BHPWC1VJ,adidas Men's Racer TR23 Sneaker,43.9045,4.5,14,0.3579241071,1
B0BLKKW3M4,JMIERR Mens Casual Shorts - Cotton Drawstring Summer Beach Stretch Twill Chino Golf Shorts,19.992,4.4,4,0.2471118285123967,1
B0BLRWCWCB,CRZ YOGA Men's Linerless Workout Shorts - 5'' Lightweight Quick Dry for Running Sports Athletic Gym with Pockets,28.0,4.909090909090909,103,0.29804746620255734,1
B0BLVKGCD7,BTFBM Women's Summer Boho Shirt Top Ruffle Short Sleeve Frill Trim Mock Neck Floral Solid 2025 Casual Blouses Shirts Tops,19.9943,4.6,42,0.31333409645909643,1
B0BLYVSVTL,maamgic Men's 5/7 Inseam Shorts Casual Classic Fit Short Men with Multi-Pocket Mens Workout Shorts Hybrid Quick Dry Shorts,27.99,4.6,21,0.15942621151996147,1
B0BM8RKWD2,"The Children's Place Boys' Assorted Everday Short Sleeve Graphic T-Shirts,multipacks",20.37,4.9,0,0.34181155303030303,1
B0BMTMZCHT,Brooks Men’s Trace 3 Neutral Running Shoe,99.95,4.8,6,0.4539416416916417,1
B0BN1PZ1VX,"VOOVEEYA Women's Bootcut Leggings - Bootleg Yoga Pants Flare with 4 Pockets,Tummy Control High Waisted Casual Dress Pants",28.98,4.6,125,0.20133460235233738,1
B0BN28RWW8,DeYashopin Women's Flats Shoes Leisure Shoes Slip On Work Shoes Comfort Walking Shoes,34.171,4.454545454545454,45,0.39885213274607206,1
B0BN39ZRYD,TRENDMALLS Women 's White Georgette Embroidery Sequence Work Lehenga Choli Set with Dupatta For Women,94.0,3.7,10,0.40822916666666664,1
B0BNBBNR98,CUPSHE Women's Mini Dresses Casual Spring V Neck Chiffon Long Peasant Sleeves Flowy Summer Dress,44.99,4.1,187,0.21076053381142662,1
B0BNDCRMP2,The Children's Place Boys' Athletic Basketball Shorts,23.374,4.6,28,0.26729052247355817,1
B0BNF2F5QZ,Indian Women's Navy Blue Woven Design Banarasi Silk Saree with Unstitched Blouse Piece (SOHNA2001_Parent),32.94,3.8,0,0.2510238095238095,1
B0BNHL4VSC,MEROKEETY Women's 2025 Summer Puff Sleeve Smocked Floral Dress Crewneck Lace Flowy Tiered Midi Dresses,48.99,4.2,21,0.28368002831325334,1
B0BNVZFBQX,MAGCOMSEN Men's Winter Coats Water Resistant Ski Snow Jacket Warm Fleece Jacket Parka Raincoats With Multi-Pockets,67.98,4.8,66,0.27005756602854813,1
B0BPF1R8KC,"Champion Men's Classic Everyday Soft, Comfortable T-Shirt (Regular or Big & Tall)",5.4573,4.636363636363637,8,0.3645216172716173,1
B0BPHD8XCN,POLO RALPH LAUREN Slim Fit Undershirt w/Wicking 5-Pack Crews,61.0012,4.8,0,0.3531666666666667,1
B0BPLX5T1S,MAGNIVIT Men's Lightweight Jackets Light Windbreaker Full Zip Up Stylish Golf Coat Business Work Casual Dress,33.98,4.2,0,0.3664880952380952,1
B0BPY4RXD3,Women Rayon Anarkali Embroidered Printed Anarkali Salwar Kameez,45.02,3.888888888888889,16,0.3154596560846561,1
B0BQHVRH11,"HUNGSON Men's Slim Fit Stretch Jeans Ripped Skinny Jeans for Men, Distressed Straight Leg Fashion Comfort Flex Waist Pants",35.99,4.111111111111111,8,0.2981316137089947,1
B0BQQJMVKJ,"Libin Mens Golf Pants Stretch Work Dress Pants 30""/32""/34"" Quick Dry Lightweight Casual Comfy Trousers with Pockets",39.99,4.6,29,0.39752968460111315,1
B0BQQYDHLG,JMIERR Mens Casual Twill Cargo Shorts Cotton Drawstring Classic Cargo Stretch Short with 6 Pockets,20.993,4.5,30,0.3874504304927099,1
B0BQVR9CCL,POLO RALPH LAUREN mens Classic Fit Undershirt W/Wicking Crews 5-pack,69.5,5.0,0,0.37918367346938775,1
B0BQYQGS1R,Timeson Women's Short Sleeve Chiffon Blouses for Office Work Business Attire Collared Shirts,17.991,4.3,20,0.21539987908946237,1
B0BRRTHFMH,Blooming Jelly Women's Dressy Casual Tops Business Work Blouses White Button Down Shirts Cap Sleeve V Neck Tshirt,19.9931,4.6,11,0.3829853123067409,1
B0BRSFKFJ4,PRETTYGARDEN Women's 2025 Summer Satin Dress Elegant Sleeveless Mock Neck Cocktail Party Maxi Dresses,55.989999999999995,4.5,31,0.37012902837902834,1
B0BRVDXXYV,Womens Kanjivaram Banarasi Silk Saree Patola saree with Unstitched blouse piece free,70.0,4.0,8,0.45086111111111105,1
B0BRXJV1PP,ABAFIP Men's Sissy Skirted Thong Panties Bowknot Low Rise G-string Bikini Briefs Underwear with 4 Gaters Belt,17.98,2.857142857142857,16,0.16011904761904758,0
B0BS193562,"Men Ethnic Gold Leaves 100% pure Jacquard Kurta & Aladdin salwar special for EID, In Panjabi Style",45.0025,4.75,2,0.23560606060606057,1
B0BS6G9WG6,KIDMI Women's Suede Clogs Leather Mules Cork Footbed Sandals Potato Shoes with Arch Support,29.999000000000002,4.7,80,0.23289542005613434,1
B0BS9CPLRT,Blooming Jelly Womens Dressy Casual Tops Ruffle Short Sleeve V Neck Shirts Elegant Business Work Blouse,19.9931,4.6,17,0.3597837083551369,1
B0BSF2B5JH,Womens Smocked Cuffed Striped Boyfriend Shirt Casual Collar Long Sleeve Oversized Button Down Blouse Tops with Pocket Shirred,28.99,4.6,77,0.2612372458890316,1
B0BTSFVMKS,Gloria Vanderbilt Women's Amanda Capri Jean Regular,21.6,5.0,0,0.214625850340136,1
B0BTX2DWV1,Women's Cotton Printed Blue Anarkali Kurta With Palazzo & Dupatta,32.98,3.888888888888889,14,0.34836451251927436,1
B0BV257YG8,COOFANDY Men's Linen Shirts Short Sleeve Casual Shirts Button Down Shirt for Men Beach Summer Wedding Shirt,29.9914,4.5,81,0.14483468155551485,1
B0BV7HNMJ2,Steel Blue Cotton Straight Kurta Palazzo Suit Set,0.0,1.0,2,-0.006666667,0
B0BV8JC4SS,True Religion Mens Boxer Briefs Cotton Stretch Underwear for Men Pack of 4,23.9925,4.4,0,0.29500000000000004,1
B0BW7BVZRQ,Women's Kanjivaram Soft Silk Saree With Blouse Piece (Purple) 6.3metres,59.0,4.25,0,0.3729166666666666,1
B0BW8KKPQH,SERNIAL Womens White Tennis Shoes PU Leather Sneakers Casual Walking Shoes for Women,23.3953,4.3,30,0.29065109886190477,1
B0BWNHZCCR,NY Threads Men's Athletic Shorts Quick Dry Loose-Fit Lightweight Running Workout Gym Shorts with Pockets,7.992,4.5,7,0.3000616001645413,1
B0BX3WHZ8R,Skechers Men's Hands Free Slip-ins Summits High Range Sneaker,65.0013,4.8,17,0.308834436805025,1
B0BXSP3W6R,BALENNZ Golf Polos for Men Quick-Dry Athletic Mens Polo Shirts Short Sleeve Summer Casual Moisture Wicking Golf Shirt,59.992200000000004,4.7,7,0.27689285717248674,1
B0BXT8TFGS,MEROKEETY Women's Casual Cap Sleeve Lace Trim V Neck Tops 2025 Summer Loose Tee Shirts Blouse,14.4428,4.4,28,0.29036993695407154,1
B0BY9YZMW6,Skechers Men's Garza Gervin Slip in,79.9911,4.9,16,0.29047413234913233,1
B0BYB5NPFN,Skechers Men's Respected Holmgren Slip in,56.43339999999999,4.8,40,0.31661505196192696,1
B0BYTDW4QR,Brooks Men’s Ghost Max Cushion Neutral Running & Walking Shoe,89.954,4.8,45,0.2720086878807467,1
B0BZ5JBZ3T,adidas Women's Bravada 2.0 Platform Sneaker,42.7039,4.7,27,0.2955270377770377,1
B0BZ5NB719,adidas Women's Cloudfoam Pure Sportswear Sneaker,38.1849,4.444444444444445,40,0.1889279284614932,1
B0BZ76N2MX,PRETTYGARDEN Women's Summer Wrap Maxi Dress Casual Boho Floral V Neck Short Sleeve Ruffle Hem Split Beach Long Dresses,47.99,4.5,22,0.22887808031095572,1
B0BZ92J5MM,Skechers Women's Bobs D'vine-Instant Delight Sneaker,38.9929,3.8,2,0.07666666666666666,1
B0BZP7BQZV,BORIFLORS Women's Sexy Ruched Bodycon Mini Dress Mesh Long Sleeve Club Party Short Dresses,28.792,5.0,5,0.19554673721340388,1
B0BZZ6ZP7B,SHULOOK Womens Slip on Walking Shoes Comfort Lightweight Breathable Sock Shoe Non-Slip Mesh Casual Fashion Tennis Running Sneakers,19.999,4.5,56,0.26142010582010583,1
B0BZZSK8TF,Lacoste Men's Short Sleeved Ribbed Collar Shirt,55.0,4.363636363636363,12,0.46114510489510485,1
B0C1GS1NWD,Dokotoo Womens Dresses 2025 Spring Summer Deep V Neck Elegant Bow tie Mini Dress S-XL,36.995,4.6,163,0.31261045418167266,1
B0C1L9X2Y7,Womens Jeans Mid Waisted Straight Leg Loose Stretchy Lightweight Tummy Control Trendy Jeans for Women 2024,37.9912,4.1,119,0.14600242289753365,1
B0C1SC8PR9,MoFiz Men's Camo Polo Golf Shirt Hiking Dry Fit Short Sleeve T-Shirts Pique Collared Polo Jersey,24.99,4.6,0,0.31171717923280423,1
B0C24NCRHX,The Children's Place Boys' Long Sleeve Thermal Henley Shirt,9.956,4.9,11,0.394125,1
B0C2C66MDB,JomeDesign Womens Tops 3/4 Sleeve Shirts Round Neck Loose Casual Blouses Floral Print Tshirts,12.99,4.833333333333333,2,0.25062830687830684,1
B0C2DFMQ3V,Women's Heavy Cotton Embroidery Work Unstitched Salwar Suit Dress Material With Chanderi Work Dupatta (Free Size),33.98,4.0,0,0.75,1
B0C2JWQNTN,adidas Women's Kaptir Flow Sneaker,38.5257,4.9,51,0.3777764707358222,1
B0C2VD1HN2,Women's Cargo Jeans Pants,36.99,3.7,19,0.16682699938913306,1
B0C2ZSX1RL,Real Essentials 3 Pack: Men's Jersey Cotton Short Sleeve Polo Shirt - Breathable Performance Polo (Available in Big & Tall),30.99,4.1,0,0.2228988997113997,1
B0C38W6M1C,Lepunuo Cargo Pants for Women High Waisted Casual Pants Baggy Stretchy Wide Leg Y2K Streetwear with 6 Pockets,29.99,4.5,108,0.24500404397585504,1
B0C3J6QB6L,"Hanes Boys' Originals Crewneck Undershirts Pack, Stretch Cotton, Black & Assorted, 5-Pack",16.59,4.9,21,0.3015770427489177,1
B0C3L9HJRZ,XZQTIVE 3 Pack Women Belts For Jeans Dresses Pants Ladies Leather Waist Belt with Gold Buckle,21.501,4.6,22,0.43770264202172093,1
B0C49Y4YXF,Alimens & Gentle Men's Plaid Button Down Shirts Cotton Long Sleeve Dress Shirts Regular Fit Gingham Shirts,22.99,4.5,19,0.3253415103415103,1
B0C4T5L78D,Skechers USA Men's Slip-ins: Delson 3.0-Roth Loafer,58.1927,4.9,6,0.35541746031746035,1
B0C5LX7VCQ,"Rameshwaram Fabrics Men's Readymade Elastic Cotton Silk Dhoti for men, Free Size (Ready-to-wear-Dhoti), Cream, 42W x 34L",0.0,4.1,2,0.3898888888555555,1
B0C5N9XPCF,Lee Women's Legendary High Rise Trouser Jean,44.95,4.6,241,0.210385942571473,1
B0C5ZRQS2X,KuaiLu Flip Flops for Women with Arch Support Yoga Mat Comfortable Summer Beach Walking Thong Cushion Sandals Slip On Indoor Outdoor,13.993,4.8,127,0.24998872653217888,1
B0C61X5ZD7,3 Pcs Men's Oversized Heavy Cotton Summer T-Shirts Vintage Tee Loose Fit Short Sleeve Casual Tshirts for Men Women,35.998,4.8,5,0.272789377303663,1
B0C72M9R32,Dokotoo Women's Wrap V Neck Short Flared Sleeve Wedding Guest Dress Smocked Elastic Waist Tiered Belted Ruffle Hem Mini Dress,46.38,4.1,27,0.3353901671245421,1
B0C73MZF8M,LARNMERN Mens Non Slip Work Shoes Slip On Water Resistant Walking Sneakers Zapatos Trabajo Waterproof Food Service Chef Kitchen,49.9,4.4,30,0.27762569143819144,1
B0C7G8SJMS,"Boys Cargo Shorts, Outdoor Quick Dry Hiking Shorts, Lightweight Athletic Short with Zipper Pockets",9.98,4.8,3,0.2728490375365375,1
B0C7HKDQH3,Carhartt Unisex Baby Long-Sleeve Pocket Bodysuit,14.84,5.0,0,0.4337971230492063,1
B0C7Y5S23T,Levi's Men's Carter Nb Sneaker,27.95,4.4,0,0.2049191919191919,1
B0C8GBQ3QS,3 Pack Mens Polo Shirts Short Sleeve Sport Golf Tennis T Shirt Quick Dry Athletic Workout Polo,31.996,5.0,0,0.7,1
B0C8LJ64HH,PURE CHAMP 3Pk Boys Sweatpants Fleece Athletic Workout Kids Clothes Boys Joggers with Zipper Pocket and Drawstring Size 4-20,38.83,4.4,15,0.3489281763987646,1
B0C8MT7B74,"KISAH Men's Indo-Western Kurta Sherwani Churidar Set Cotton Full Sleaves, Straight, Ethnic Wear | Traditional Wear for Men",0.0,1.0,0,0.41666666666666663,0
B0C8MYJMTG,"KISAH Men's Jacquard Indowestern Sherwani & Pajama Set - Regular Fit, Mandarin Collar |Indian Ethnic Wedding & Festive Wear",149.99,4.4,8,0.3122663096615164,1
B0C8MZ6VQ1,KISAH Men's Cream Jacquard Indowestern Sherwani Kurta & Pajama Set – Mandarin Collar | Indian Wedding & Festive Wear,159.992,3.4,11,0.3170555556,1
B0C8NGNT8L,Boy's Cargo Joggers Pants Youth Quick Dry Hiking Lightweight Pants for Sports Outdoor with Zipper Pockets,14.99,4.2,4,0.24348412695555552,1
B0C9C7TKQ7,Mens Casual Short Sleeve Henley Shirts Fashion Button T Shirts with Pocket,14.9925,4.7272727272727275,0,0.4061267653565062,1
B0C9CPWWR1,OIIIO Men's Ripped Slim Fit Straight Leg Jean Denim Pant,28.4711,4.3,2,0.4225833333333333,1
B0CBJH8DMC,Blooming Jelly Women's Dressy Casual Blouses Business Work Tops Long Sleeve V Neck Pleated Shirts 2025 Fall Outfits,25.990999999999996,4.7,13,0.38635560654241974,1
B0CBKCGNFR,Lee Men's Extreme Motion Regular Straight Jean,36.7212,4.8,30,0.15063022859645525,1
B0CBL2WWBG,Lee Men's Legendary Regular Straight Jean,22.6039,4.6,0,0.17087645687645686,1
B0CC2FCKG3,Stretch Mens Dress Shirts Long Sleeve Slim Fit Dress Shirts for Men Muscle Fit Wrinkle Free Button Down Shirt,25.99,4.8,24,0.29626939669199825,1
B0CCT3WHSS,True Classic Mens T-Shirts - Short Sleeve Crew Neck Plain Novelty T Shirt for Men,49.9944,4.454545454545454,28,0.24252331171034783,1
B0CCYJP95Y,Women's Cotton Printed Straight Kurta With Palazzo & Dupatta Set,31.0611,4.0,9,0.23708333341428572,1
B0CD2HNDVG,"KISAH Men's Printed Sherwani Kurta & Pajama Set - Regular Fit, Mandarin Collar| Ethnic Wear Mens Wear",149.99,4.0,0,-0.4,1
B0CD2J212W,"KISAH Men's Printed Sherwani Kurta & Pajama Set - Regular Fit, Mandarin Collar| Ethnic Wear Mens Wear, Blue, 40",149.99,1.0,0,-0.02,0
B0CD2JYPGB,KISAH Men's Jacquard Indowestern Sherwani Kurta & Dhoti Set - Regular Fit|Indian Ethnic & Festive Wear,174.99,3.4,0,0.27231501831501825,1
B0CD2K7KKG,KISAH Men's Jacquard Indowestern Sherwani & Pajama Set - Regular Fit|Indian Ethnic Wedding & Festive Wear for Men,149.99,2.7142857142857144,6,0.1890816326530612,0
B0CD53B24J,Nmoder Women's Casual Wrap Flared Midi Dress Wedding Guest Cocktail Tea Dresses A-Line Swing V-Neck 3/4 Sleeve,36.998,4.4,35,0.2952140349729635,1
B0CGZL5KZR,Brooks Women’s Glycerin 21 Neutral Running Shoe,109.95309999999999,4.9,191,0.22262713827319436,1
B0CJ61N1HW,Skechers Women's Martha Stewart Bobs Sesame By the Bay,47.6623,4.3,51,0.23484555134035084,1
B0CJTZLCQ2,COOFANDY Men's Cuban Guayabera Shirt Short Sleeve Button Down Shirts Casual Summer Beach Linen Shirts,29.99,4.909090909090909,0,0.3337770562770563,1
B0CJWGMKVD,Under Armour Boys' Tech Logo Shorts,11.5142,5.0,8,0.2760780423280423,1
B0CJWNTM1L,Under Armour Boys' Tech Hybrid Print Short Sleeve T Shirt,14.9725,4.8,0,0.48929067460317455,1
B0CKMCTKJ4,adidas Men's Lite Racer Adapt 7.0 Sneaker,39.3944,4.7,31,0.30337918328334995,1
B0CKMDL9T3,adidas Men's Daily 4.0 Sneaker,55.2015,4.888888888888889,5,0.3833850408850409,1
B0CKML13D6,adidas Unisex Adult Samba Indoor Soccer Shoe,73.7718,4.7,40,0.19492909468147562,1
B0CKSXVKCQ,TBMPOY Men's Lightweight Jackets Casual Windbreaker Stylish Light Fall Spring Golf Work Dress Business,43.99,4.5,65,0.336979969765684,1
B0CKTCWQX6,CUPSHE Women's Knit Ruched Mini Fall Dress Smocked Ruffle Hem Crew Neck Long Sleeve Bodycon Casual Summer Autumn Dresses,42.99,5.0,0,0.0,1
B0CL4XJCJW,Genuine Suede Clogs for Women Men Soft Cork Footbed Leather Mules Comfort Potato Shoes with Arch Support,23.9917,4.7,3,0.3735430194805195,1
B0CLL5X2V5,Floerns Men's Slant Pocket Tailored Pants Work Office Fold Pleated Trousers,29.99,3.4,3,0.1295727513227513,1
B0CLL68CBS,Floerns Men's Classic Fit Flat Front Dress Pants Office Business Trousers,39.99,3.8,13,0.276752705656277,1
B0CLQ8TV53,Signature by Levi Strauss & Co Men's Fit Flex Jeans,25.469,4.9,13,0.29440044215044214,1
B0CLQXF321,LOMON 3/4 Length Sleeve Womens Tops Summer Loose V-Neck Eyelet T-Shirts Dressy Casual Ruffle Sleeve Tunic Blouses,14.99,4.4,22,0.2641845238095238,1
B0CLSRB5CF,Columbia Men's Ascender Softshell Jacket,51.3043,4.9,36,0.4586621444863381,1
B0CMXQ3RVS,Dokotoo Women's Short Puff Sleeve Knit Tops 2025 Trendy Crewneck Striped T Shirts Casual Summer Blouses,25.88,5.0,11,0.30196428571428574,1
B0CN2WFJLN,6 Pack Men's Quick Dry Long Sleeve Shirts Moisture Wicking Sun Protection Performance T-Shirt for Casual Workout,39.98,4.9,21,0.3884952380952381,1
B0CN68233N,Floerns Men's Fold Pleated Tailored Pants Work Office Business Trousers Pants,42.99,3.0,6,0.1388333333333333,1
B0CN6BCP5S,Memoriesea Women's Vintage Church Ruffle Sleeve Ruched Bodycon Work Midi Pencil Dress,35.991,4.7,31,0.340535498066748,1
B0CN854MLC,ASICS Men's Gel-Nimbus 26 Running Shoes,109.95309999999999,4.6,5,0.28850617579883886,1
B0CNGR3PSB,COOFANDY Mens Dress Pants Expandable Waist Wrinkle Free Suit Pants Flat Front Casual Dress Slacks,35.99,4.0,0,0.3830952381,1
B0CNXFQJZJ,EVALESS Womens Short Sleeve Textured Tops Crewneck Knit Solid Loose Casual Basic T Shirts Tee Blouses,9.5947,4.5,14,0.3308154638154638,1
B0CNXK4KRH,VATPAVE Mens Summer Striped Shirts Button Down Short Sleeve Vintage Beach Hawaiian Shirts with Pocket,19.99,4.7272727272727275,5,0.4201288936627282,1
B0CP3MWJVH,Dokotoo Women's 2025 Fashion Tops 3/4 Sleeve T-Shirts Cute Crewneck Basic Business Tees Blouses,14.99,4.5,42,0.3443626142376142,1
B0CP3NQCN3,Kaipiclos Newborn Infant Girl Clothes Rib Knit Romper Daisy Print Pants Headband Baby Clothes for Girls 0 3 6 12 18 24 Months,17.62,4.5,0,0.4195038136466708,1
B0CP5M161C,ANRABESS Womens Boho Maxi Dresses 2025 Summer V Neck Puff Sleeve Floral Flowy Swing Casual Long Dress,28.7928,4.5,83,0.34465782723345745,1
B0CP7277PW,Adokoo Canvas Tennis Shoes for Women Low Top Casual White Black Sneakers for Women Lace Up Fashion Comfortable Walking Shoes,10.995,4.7,40,0.2658138053467,1
B0CPF94HN3,Men's Navy Blue Silk Blend Sherwani Set | Imported Fabric Designer Indowestern and Pant style Pyjama,0.0,2.0,0,-0.413333333,0
B0CPHKY9MT,PRETTYGARDEN Womens Summer Jumpsuits Dressy Casual One Piece Outfits Sleeveless Mock Neck Wide Leg Pants Rompers with Pockets,39.995,4.5,103,0.2831145382395382,1
B0CPQS2BBR,Hey Dude Wendy Slip Classic | Women's Shoes | Women's Slip On Loafers | Comfortable & Light-Weight,59.998000000000005,4.7,6,0.3471632275132275,1
B0CQ1MZ1FP,adidas Men's Adi Advantage Golf Shorts,26.2856,4.4,5,0.33957491477344415,1
B0CQ4Q7SNQ,Dokotoo Summer Dress Casual Womens Fashion Short Sleeve Maxi Dress T Shirt Dress Striped Long Color Block Maxi Dress,31.986,4.7,17,0.39843840048840046,1
B0CQ8K495D,Women's Bodycon Pencil Dress Church Teacher Office Modest Business Wear to Work Sheath Suiting Dresses,39.99,4.4,19,0.3480784631701299,1
B0CQG4FZ5M,SIRIL Women's Crepe Printed Straight Kurta Set with Dupatta,0.0,3.8,4,0.4154761904761905,1
B0CQL15PMH,OFEEFAN Womens T Shirts Short Sleeve Pleated Dressy Casual Scooped Neck Summer Tops Blouses,12.993500000000001,4.4,53,0.3183787915127201,1
B0CQLQLWXL,COOFANDY Men's Button Down Shirts Short Sleeve Casual Shirts Summer Beach Shirts Vacation Wedding Shirts with Pocket,29.99,4.7,0,0.4676839826839826,1
B0CQT39CX5,ZESICA Women's Short Sleeve V Neck T Shirts 2025 Summer Ribbed Knit Slim Fitted Basic Solid Color Tee Tops,14.993500000000001,4.6,5,0.3491265752765752,1
B0CQTCDJJ7,M MAELREG Golf Shirts for Men Dry fit Sports Jacquard Lightweight Performance Texture Short Sleeve Collared Polo Shirts,28.95,4.6,0,0.48044047619047614,1
B0CQTL7R2J,Brooks Men’s Adrenaline GTS 24 Supportive Running Shoe,139.95,4.7,24,0.2901706349206349,1
B0CQY7PMMK,TACVASEN Mens Polo Golf Shirts with Pocket Pique Cooling Performance Moisture Wicking Polo Shirts,19.982,4.5,0,0.27184170587980117,1
B0CRB1NJ46,QINSEN Womens Square Neck Tennis Dress Short Sleeve Built in Shorts Golf Athletic Dress with Pockets,36.99,4.75,2,0.15843788156288155,1
B0CRHF41F7,5 Pack Athletic Gym Mens Shorts - Workout Black Quick Dry Basketball Shorts with Pockets for Running Casual Activewear,27.051499999999997,4.8,5,0.35595471306471305,1
B0CRHRSTZW,HILEELANG Kids Boy Basic Plain Cotton T-Shirts Short Sleeve Crew Neck Summer Tees 4packs 6-12 Years,18.99,4.0,0,0.2334137286102564,1
B0CRKRXPB6,BTFBM Women's Ruched Bodycon Dress Summer Casual Sleeveless Back Slit Elegant Club Evening Party Cocktail Maxi Dresses,44.99,4.5,50,0.2643597560177917,1
B0CRRF28SH,3 Pack Gym Basketball Mens Shorts - Quick Dry Black Workout Athletic Shorts with Pockets for Casual Running (S-6XL),18.9927,4.5,3,0.3214283008658009,1
B0CS2YYTM4,"Hey Dude Wally Stretch Sox, Men’s Shoes, Men's Slip-on Loafers, Comfortable & Light-Weight",58.0311,5.0,5,0.41176835318571425,1
B0CS69YKZQ,Men's Polo Shirts 2025 Short Sleeve Casual Polo T Shirt Color Block Slim Fit Golf Shirts with Pocket,19.9917,3.6,0,0.32594474968888887,1
B0CSG34RQS,"KISAH Men's Kurta Indo Western Sherwani Trouser Set, Navy Blue Jacquard, Woven Regular Fit| Traditional Wear for Men",0.0,1.0,0,0.1499999999999999,0
B0CSJ417P3,5 Pack Mesh Workout Shirts for Men Dry Fit Gym Shirts Quick Dry Athletic Short Sleeve T-Shirt Moisture Wicking,19.999,5.0,0,0.1119047619047618,1
B0CSK8H46P,AUTOMET Womens Summer Tops Spring Shirts Trendy Vacation Outfits Short Sleeve Business Tshirts Fashion Casual Blouses,11.99,4.6,52,0.3341876300759538,1
B0CSQGX6CZ,Wrangler Authentics Authentics Men's Flat Front Short,21.99,4.6,4,0.1642361111222222,1
B0CSWGBR4L,1/5 Pack Running Shirts Men Sport Tops Dry Fit Gym Wicking Athletic T Shirts Breathable Cool Workout Shirts,23.99,4.818181818181818,3,0.38042453947567584,1
B0CT3HL8KK,"3 Pack Mens Athletic Sweatpants with Zipper Pockets,Workout Gym Joggers Pants for Men Running Jogging Pants",45.99,4.8,13,0.33481990421586694,1
B0CT5QSZJ5,Blooming Jelly Womens Summer Tank Top Sleeveless Business Casual Outfits 2025 Basic Loose Dressy Work Shirt,14.99,4.7,32,0.3957335072335072,1
B0CTZZP8LN,Women's Light Green Floral Printed Cotton Straight Kurta,26.423700000000004,4.9,0,0.4179284188034188,1
B0CV3JSJW8,Womens Tops Casual 3/4 Sleeve Shirts Crew Neck Loose Casual Blouses Floral Print Tshirts,16.99,4.8,9,0.37975919913419914,1
B0CW39BXTQ,COOFANDY Mens Short Sleeve Casual Button Down Shirts Summer Untucked Dress Shirts with Pocket,19.992,4.4,12,0.25780059525714283,1
B0CW3JYMFM,Women's Heavy Cotton Thread & Sequence Embroidery Work Unstitched Salwar Suit Dress Material With Chanderi Sequence Work Dupatta (DM Fighter Cream_Cream_Free Size),34.88,5.0,2,0.1444444444444444,1
B0CW9NBPKZ,Unisex Baby Bodysuits Multipacks – Super Soft Cotton One-Piece Undershirt for Newborns and Infants (0-24 Months),20.99,5.0,0,0.33194444444444443,1
B0CXDL2NP6,OYGSieg 6 Pack Mens Polo Shirts Performance Short Sleeve Golf Shirt Moisture Wicking Athletic Casual Collared T-Shirt,48.99,4.6,14,0.4115413330056187,1
B0CXY1H4NG,Ethnic Junction Women's Art Silk Cotton Kalamkari Print Saree With Blouse Piece,20.4,4.5,7,0.1746212121212121,1
B0CY29F6G4,"Toddler Boys Shirts Short-Sleeve Little Kids t Shirts Boys' Tops, Tees & Shirts Graphic TEE Age for 2-7 Years 4-Pack",24.98,4.8,0,0.23096861471861468,1
B0CYC659P1,AUTOMET Womens Summer Tops Going Out Workout Outfits Spring T Shirts Business Casual Dressy Fashion Trendy Clothes 2025,9.99,4.6,32,0.24945206645206638,1
B0CYPN3HCB,KISAH Men's Jacquard Indowestern Sherwani Pajama Set – Mandarin Collar | Indian Wedding & Festive Wear,149.99,4.375,0,0.525327380952381,1
B0D1B42GVJ,Mens Running Shoes Fashion Sneakers Tennis Walking Shoes Lightweight Athletic Gym Workout Shoes,22.76,4.1,4,0.2666840277777777,1
B0D1H1HV5F,AEROPOSTALE Women's Aero High Waisted Jegging,49.959,5.0,0,0.4020833333333333,1
B0D1H3W5K7,AEROPOSTALE Men's Polo,11.996,4.8,7,0.32970493200612244,1
B0D266SMGD,1/5 Pack Workout Shirts for Men Athletic Running Gym Quick Dry Short Sleeve Performance Moisture Wicking T Shirt,19.9913,4.9,7,0.34761990324490327,1
B0D2HTM4XW,"Women's Latest Chiffon Batik Printed Saree with Blouse Piece, Light Blue, White, One Size, Light Blue, White, One Size",45.99,2.9,8,0.09587499999999997,1
B0D2JCJRFT,Handcraft Mens Underwear Funny Gifts for Men Chucky Cookie Monster Rick and Morty Scooby Doo Tom and Jerry Boxers for Men,16.99,4.9,0,0.4335728785103785,1
B0D2QBLKD5,Dokotoo Women's Tops Dressy Casual V Neck Long Sleeve Buttons Hollow Out Lace Embroidered Blouses Shirts,19.999,4.4,23,0.3729220779220779,1
B0D3659J5K,JOYNÉE 20 Pairs Mens No Show Socks Low Cut Ankle Socks Short Casual Socks,25.99,5.0,0,0.36666666666666664,1
B0D36NX7KC,Dickies Men's Original 874 Work Pants,29.99,3.9,23,0.1861618175475318,1
B0D38YFY3K,ZENGVEE Mens Polo Shirts Moisture Wicking Short Sleeve Performance Quick Dry Athletic Golf Shirts,42.99,4.2,0,0.20813622885051455,1
B0D3V242Q7,Men's Ski Jacket Warm Winter Snow Coat Waterproof Mountain Windbreaker Snowboarding Jacket Hooded for Hiking Traval,54.989999999999995,4.8,29,0.2923576447059419,1
B0D3XM6H68,SIRIL Women's Satin Silk Hot Fixing Saree with Unstitched Blouse Piece,0.0,3.8,9,0.4331864801420357,1
B0D424DHPN,PGANDS Women's 3/4 Sleeve V Neck T Shirts Ruffle Sleeve Summer Casual Tops,19.99,4.6,3,0.3549960317460317,1
B0D4DXQBF1,JMIERR Men's Casual Pants Cotton Twill Drawstring Elastic Waist Chino Pants with Pockets,24.9917,4.3,9,0.4008647186147186,1
B0D4QCZFTP,Zeagoo Women's Puff Long Sleeve Shirts Pleated V Neck Fall Tunic Tops Blouse Dressy Causal Loose Summer T-Shirts,19.9929,4.6,40,0.3684902101866388,1
B0D4QWZDB8,Men's Ripped Skinny Slim Fit Stretch Distressed Destroyed Jeans Denim Pants,19.99,4.3,0,0.3723741496170068,1
B0D4ZDZL1P,AUTOMET Womens Long Sleeve Shirts Lace Tops Business Casual Fall Fashion Outfits Clothes Knitted Y2k Blouses,12.992799999999999,4.7,105,0.2675730017006802,1
B0D585X1QC,Dokotoo Womens Tops 2025 Spring Color Block Long Sleeve Shirts V Neck Dressy Casual Blouses,21.98,4.7,21,0.40742816442816443,1
B0D59TM92S,COOFANDY Men's Knit Sweatpants Lightweight Open Bottom Casual Pants Drawstring Jogger Yoga Pants with Pockets,29.99,4.2,5,0.3150905067155067,1
B0D5DG4KCT,Micoson Womens Tops Dressy Casual Long Sleeve Business Shirts V Neck Pleated Work Blouses Loose Fit Fall Trendy Knit Top,24.99,4.5,25,0.2629060846560846,1
B0D5FXL1NC,POLO RALPH LAUREN Men's 4d Flex Cooling Ventilation Cotton Modal Crew Undershirts,41.3616,4.6,0,0.3197815727795674,1
B0D5H9N2TM,AUTOMET Womens Long Sleeve Shirts Pleated Crew Neck Casual Fall Fashion Tops Loose Fit Lightweight Girls Outfits Clothes,9.9944,4.4,19,0.24163164862203318,1
B0D5MD33D9,MEROKEETY Women's 3/4 Sleeve Tops Dressy Casual Crew Neck Color Block Loose Trendy Blouses T Shirts,14.992500000000001,4.4,34,0.38800267681036915,1
B0D5Q2Y6G8,AUTOMET Long Sleeve Shirts Womens Pleated Business Casual Blouses with Smocked Cuffs,14.992500000000001,4.7,177,0.3554365300232647,1
B0D5QPC67N,AUTOMET Womens Fall Fashion Long Sleeve Shirts Dressy Casual Pleated Basic Trendy Tops Winter Clothes 2025,12.99,4.4,7,0.3071510204081632,1
B0D5R497L8,Dokotoo Womens Tops Long Sleeve Lightweight Shirts 2025 Spring Fashion Trendy Tops Crewneck Casual Knit Basic Tee,14.99,4.4,54,0.1819618420386245,1
B0D5WLQ9FZ,OYOANGLE Men's Pleated High Waist Wide Leg Pants Loose Fit Casual Pants with Pocket,35.99,3.375,3,0.1999603174424603,1
B0D5XZ73ZP,PRETTYGARDEN Women's Dressy Casual Lace Blouse Long Sleeve Button Up Shirts Tops Spring Fall Fashion Clothes,42.99,4.2,34,0.2828796296296296,1
B0D635RHQX,PJ PAUL JONES Men Vintage Tweed Pants Herringbone Pleated Suit Trousers,48.99,3.8,6,0.2448966845349206,1
B0D6NJP2H4,"Hanes Men's Moves Performance Boxer Brief, Total Support Pouch, Regular, Trunk, and Long Leg, 3-Pack",17.981,4.7,5,0.4264265872587301,1
B0D6VDRSKS,Men's Polycotton Temple Wear Dhoti with Angavastharam Towel,21.65,4.3,0,0.45640624999999996,1
B0D6WGWNS8,Dokotoo Womens Soft Long Sleeve V Neck Shirts Solid Casual Decorative Buttons Knitted Pullover Tunic Tops,15.982,4.5,21,0.28041570029482116,1
B0D6YJYBZC,Nmoder Casual Dresses for Women Semi Formal Fit and Flare Dresses 3/4 Sleeve A-line Church Work Dresses with Pockets,39.99,4.1,22,0.24216220238095237,1
B0D6YY28SS,Dokotoo Womens 2025 Casual Dress Smocked Crewneck Button Up Long Sleeve Empire Waist A-Line Mini Dress,34.99,4.6,8,0.28301675696988193,1
B0D79795VN,"Embroidered Georgette Fabric Lehenga Choli with Dupatta for Women From Kedar Fab, Black, Free Size",0.0,3.0,4,0.3125,1
B0D79971PT,"Kedar Fab Embroidered Georgette Fabric Lehenga Choli with Dupatta for Women, Green, Free Size",0.0,2.6666666666666665,2,0.24953703703703703,0
B0D7W4SRZ8,PJ PAUL JONES Men's Vintage Pants Stretch Herringbone Knit Pleated Pants Casual Business Suit Trousers,39.99,4.4,13,0.4049540043290043,1
B0D7ZT9VCM,Men's Mountain Winter Coat Warm Fleece Ski Snow Jacket Waterproof Raincoat with Hood,54.989999999999995,4.9,23,0.3857424242424242,1
B0D8198XHF,"SIRIL Women's Art Silk Self Woven, Jacquard Border Saree With Unstitched Blouse Piece (3590S254A_Maroon)",0.0,5.0,0,1.0,1
B0D8BFFRTF,Timeson Women's 3/4 Sleeve Tops Dressy Casual Business Work Blouses Chiffon Office Shirts,22.491,4.6,48,0.33252920027762467,1
B0D8GYHB4M,Women's Pure Banarasi Silk Saree Kanjivaram Style Saree With Blouse Piece For Wedding (Vruksh),26.24,3.0,2,0.2173611111666666,1
B0D8KL1F4X,XIEERDUO 3/4 Length Sleeve Womens Tops Round Neck Casual Tunic Tops Basic Pleated Shirts Loose Fit 2025,14.99,4.7,43,0.28001382955494797,1
B0D8KSM11G,Dokotoo Womens Dresses 2025 Boho Floral V Neck Long Sleeve Smocked Elastic Waist Casual A-Line Swing Mini Dress Sundress,39.88,4.4,3,0.3432067640692641,1
B0D8TGP38Y,JMIERR Men's Chino Pants Casual Stretch Waist Tapered Trousers with Pockets,23.9927,4.3,7,0.35461507779854556,1
B0D8Y31CHN,AUTOMET Womens Long Sleeve Shirts V-Neck Lace Tops Business Casual Blouses Tee Trendy 2025 Fall Fashion Outfits Clothes,14.992099999999999,4.4,48,0.24758608493902606,1
B0D91GGC4Z,KUNMI Women's Skinny Ripped Trendy Jeans Distressed Stretchy Denim Pants,36.99,4.8,15,0.27618213268213265,1
B0D91YT7J8,Blooming Jelly Womens Dressy Casual Blouse Business Long Sleeve Tops Ruffle V Neck Work Shirt Fall Outfit 2024,24.9914,4.3,12,0.31379292929292923,1
B0D94JPN1P,Women's Cotton Printed Unstitched Salwar Suit Dress Material With Printed Dupatta (Batik_Free Size),33.98,4.1,8,0.33535714285714285,1
B0D98NLXK8,Lee Men's Legendary Loose Jean,15.875499999999999,4.7,4,0.3624791042291042,1
B0D9FWQQFT,Women's Kanjivaram Banarasi Soft Silk Saree With Unstitched Blouse Piece (Silk Box Flower),33.0932,2.8,2,-0.03424242420000003,0
B0D9G8FPF1,Women High Waisted Cargo Jean for Women with 6 Pockets Straight Wide Leg Jean Casual Baggy Pants,45.99,4.6,10,0.27012822247197243,1
B0D9GXG945,Men's Casual Polo Shirts Classic Long Sleeve Basic Button T-Shirt Lightweight Cotton Golf Tops with Pocket,14.994599999999998,3.909090909090909,0,0.22532168048401813,1
B0DCP4FHYY,POLO RALPH LAUREN Boys' Multi-Pack Short Sleeve Undershirt,40.0,3.6363636363636362,15,0.32494859304329,1
B0DD72RFZ8,Memoriesea Women's Elegant Casual Short Sleeve Work Party A-Line Dress with Pockets,42.99,4.6,84,0.23977523266493855,1
B0DFBDPKV8,Dokotoo Women's Summer Dresses 2025 Beach Casual Deep V Neck Loose Sundress Ruffle Sleeve Mini Dress,19.99,4.2,10,0.3135969863469863,1
B0DFVMT38X,"Rameshwaram Fabrics Men's Readymade Elastic Silk Dhoti, Comfortable Pre-Stitched Dhothi",0.0,2.6666666666666665,0,0.08333333333333331,0
B0DG57PFR6,"Theora Pro HF - Ergonomic Supportive Non-Slip Barefoot Shoes, Wide Toe Box Durable Breathable Ultralight Walking Shoe for Women Men",0.0,4.1,20,0.09356156517936508,1
B0DGB7H1MB,Wrangler Men's Quilted Lined Jacket with Sherpa Hood,49.99,4.6,0,0.3665450396825397,1
B0DHLFBLB4,TVKSOM 5 Pack Polo Shirts for Men Long Sleeve Quick Dry Mens Polo Shirts Golf T Shirt Moisture Wicking Casual Workout,42.9914,4.5,0,0.31404166666666666,1
B0DHSGPD5P,Zeagoo Women's Casual 3/4 Sleeve T-Shirts Round Neck Cute Tunic Tops Basic Tees Blouses Business Work Tee Top,12.9913,4.4,27,0.28360227702191987,1
B0DJ6QSC4R,COOFANDY Knit Polo Shirts for Men Short Sleeve Textured Polo Shirt Slim Fit Summer Collared T Shirt with Pocket,19.9929,4.6,3,0.3483928571428571,1
B0DJKR8WY6,JMIERR Mens Cotton Pants Casual Elastic Waist Drawstring Lightweight Summer Beach Trousers with Pockets,24.99,4.2,2,0.341625,1
B0DJQWS3VY,COOFANDY Men's Casual Linen Cotton Pants Elastic Waist Summer Beach Trousers Lightweight Yoga Vacation Pants,29.99,3.8,0,0.1778092741,1
B0DK4ZXB1V,ANRABESS Womens Dressy Casual Tops Ruffle Short Sleeve V Neck Shirts Elegant Business Work Blouse,14.993799999999998,4.1,11,0.31778520923520925,1
B0DK5FZ325,Rouen Mens Golf Shirt Moisture Wicking Dry Fit Performance Stripe Casual Collared Short Sleeve Golf Polo Shirts for Men,32.95,5.0,0,0.3399999999999999,1
B0DK5J19P7,Heymiss Womens Tops 3/4 Sleeve V Neck Shirts Loose Casual Tunic Blouses Criss Cross Summer Tshirts,9.99,4.714285714285714,3,0.3789502164502164,1
B0DK6Y5MCN,PRETTYGARDEN Womens Summer Casual V Neck Boho Maxi Dress Flowy Aline Bell Sleeve Tiered Floral Dresses with Pocket,44.99,4.3,8,0.22358201055238092,1
B0DKNGMKF4,BETTE BOUTIK Womens Summer Tunic Tops Short Sleeve Trendy Shirts Casual Blouse,19.99,4.4,0,0.26563291690193863,1
B0DKSDPKZF,Dokotoo Womens Dresses 2025 Summer Spring V Neck Short Sleeve Casual A Line Flowy Swing Shift Dress Mini Dress,35.98,4.8,6,0.35857142857142854,1
B0DLGB4RYH,COOFANDY Men's Polo Shirts Short Sleeve Moisture Wicking Golf Shirt Fashion Casual Collared T-Shirt,19.992,5.0,0,0.2920238095238096,1
B0DLGRS1BJ,Zeagoo Women Summer Short Sleeve Midi Dress with Pockets Casual Aline Flowy Tshirt Dress Floral Vocation Beach Sundress,32.99,4.1,12,0.3186815476190476,1
B0DM1XPTL8,Men's Long Sleeve Polo Shirts Casual Button Classic Work Shirt Cotton Collared Basic Golf Shirt with Pocket,13.99,3.9,0,0.16298620131774885,1
B0DMFJZ8WQ,Minetom Women's T Shirts V Neck Short Sleeve Button Tops Summer Loose Fit Tee Blouse,14.98,4.6,5,0.34512516890020895,1
B0DMRJYXLP,7 Pack Mens Athletic Shorts - Gym Basketball Running Workout Quick Dry Black Shorts with Pockets for Casual Performance,33.9915,4.7272727272727275,6,0.40541125541125544,1
B0DMSVLHJ1,COOFANDY Men's Textured Polo Shirts Short Sleeve Slim Fit Casual Button Polo T-Shirt Summer Collared Golf Shirt,24.99,4.2,0,0.21667622257236224,1
B0DN2XJPRZ,"PUMA Boys' Fleece Jogger Set - 3 Piece Hoodie, T-Shirt, and Jogger Sweatpants - Athleisure Outfit Set for Boys (Sizes: 8-16)",29.99,4.4,0,0.33832864820364816,1
B0DN375DNC,Polo Shirts for Men - Dry Fit Moisture Wicking Black Short Sleeve Performance Golf T Shirts for Casual Work Athletic,9.99,5.0,2,0.4553571428571429,1
B0DNF5CRSK,OYOANGLE Men's Baggy Wide Leg Pants Zipper Fly Pleated Trousers Business Casual Dress Pants with Pocket,36.99,5.0,0,0.26111111111111107,1
B0DNJFL4RN,Minetom Women's Rolled Up 3/4 Sleeve Tops V Neck T Shirts Button Side Blouses,14.9817,4.4,0,0.2712771681363012,1
B0DNJPR74Y,LOMON Women's 2025 Fashion Tops 3/4 Length Sleeve Business Casual Blouses Summer Tees Shirts,19.99,4.1,13,0.30747351061636774,1
B0DP8B4LBQ,"Men's Disposable Underwear and socks, 14 Pack Cotton Briefs Panties and Crew Socks for Travel, Spa, Hospital Stays",19.99,4.5,0,0.1397743309020912,1
B0DPQC1NSV,M MAELREG Mens Golf Shirts Dry Fit Moisture Wicking Performance Sports Short Sleeve Striped Collared Polo Shirts for Men,32.95,4.8,0,0.3143395234151813,1
B0DPWXCXBX,OYGSieg 5 Pack Mens Polo Shirts Quick Dry Performance Tactical Short Sleeve Golf Polo Shirts Casual Stylish Collared T-Shirts,45.998,4.5,0,0.1932672367315224,1
B0DPZQCX42,Mens Pants Wool Tweed Herringbone Vintage Dress Pant Trousers Regular Fit Suit Pants for Men,35.99,4.181818181818182,0,0.2424078509873964,1
B0DQ141MYK,Rapbin Summer Tops for Women 2025 Short Sleeve Lapel V Neck Blouses Business Work Casual Chiffon Tunics Tops for Leggings,14.99,4.1,5,0.2691339733261725,1
B0DQ5FMMKX,MR CREATION Women's Wedding Special Floral Lehenga Choli with Foil Print & Gotta Patti Dupatta(PINK),0.0,5.0,0,0.7,1
B0DQ8CSQ6N,Women's Chanderi Stitched Printed Kurta Set for Women,0.0,4.166666666666667,2,0.47361111111111115,1
B0DR7WSCFQ,Men's Quick-Dry Active Polo Shirts Short Sleeve Performance for Golf Tennis Daily Casual Collared T-Shirt,9.99,4.5,0,0.27895578231927437,1
B0DR8Q5186,ZITY Men's 3 Pack Polo Shirts Short Sleeve Moisture-Wicking Golf Shirt Business Causal Tops,29.9947,4.6,0,0.23862439613526565,1
B0DRJ7HB8Y,XIEERDUO 3/4 Length Sleeve Womens Tops Dressy Casual Blouses for Women 2025 Trendy V Neck T Shirts Summer Clothes,19.99,4.7,2,0.2904294910916151,1
B0DRXF62JH,ZITY 3 Pack Men Polo Shirts Short Sleeve with Pocket Sport Wicking Shirts for Men Casual Athletic Collared T-Shirts,29.994999999999997,4.8,0,0.32031043956043953,1
B0DS59CZZQ,GRACE KARIN Women's 2025 Summer Babydoll Tops Casual Crewneck Ruffle Sleeve Shirts Loose Fit Pleated Blouse Outfits,24.9917,4.428571428571429,0,0.27261423100708815,1
B0DS6141ZT,Toddler Baby Girl Clothes Knit Floral Fly Sleeve Tops Shorts Cute Summer Spring Outfits Infant Clothing Set,6.99,5.0,0,0.6333333333333333,1
B0DSBXZY87,GEEK LIGHTING Mens Waffle Polo Shirts Short Sleeve Summer Casual T-Shirts Moisture Wicking Collared Golf Shirt with Pocket,19.9951,5.0,0,0.45208333333333334,1
B0DSDL34G4,Aulemen Men's Casual Polo Shirts Short Sleeve Classic Collar T-Shirt Slim Fit Button Basic Golf Shirts with Pocket,19.99,3.5,0,0.04020557434018965,1
B0DSFZP271,3 Pack Polo Shirts for Men Short Sleeve Moisture-Wicking Golf Shirts Athletic Casual Collared T-Shirt,32.3946,5.0,0,0.2556112188465129,1
B0DSW6C8PT,Women's Cow Leather Belt for Jeans Pants Fashion Ladies Skinny Dress Waist belt with Gold Buckle,19.9,4.7,0,0.31434783549783546,1
